Wallet,Tickets,Rewards,Delta
DJtTuSDjtNDQyJ25F5fsy4PjPpyvYcTRKisagmZ17eYF,1,1,-1
d7q7rTMeZQJcydmttUcH5n8U3tMY8gXM6DJkvnMugn6,1,1,-1
71W5JoS4iRndkjcfPsBpyrRbFgpWimfTMD79H7rJwmXc,1,1,-1
HAtajbvpUU8nTorsJHBmWZvQR8rBLx2X9bh63wGCHQug,1,1,-1
HVXt6RPzdBgf5CyF1HnJe2Ym5PmrfKtoNHG1GmYrrp2t,1,1,-1
CCpwfycFXW4w86GYtoWzT5Vtxhq6U566XQyL7UW8okAa,1,1,-1
9JGxHifD9W6oNd9bpC5JJhnYDYS7ApTn3kCpdKEYFhtk,1,1,-1
FDjg2eZdUD814va487Dnvja5oPYUDtmbWo1y1waiQFxp,1,1,-1
7Ge5zg5nfasfvrYUezpvYQpAFHkwm4sTTwFviHbh3XBv,1,1,-1
BZos1DozC8LwRmPzR8wPfukbfNVaWs2nDqfmkqCtaPU7,2,1,-1
AbEqcNSwoypgBUm3KkNSetnGnW4csk5nrUwVEr7GnEic,2,1,-1
r66fA5RNv5swSytiFSkJ5y2nZme8DC3H69zQT3fyGT5,1,1,-1
FTbkmERofsFrq6NVLwuGcak2W11rAaegJZUtQfPhFy8F,1,1,-1
7gSVzyxdtUniWHAkQbvUR5vWt2bHrmUQjTxCbMndx9pW,1,1,-1
D6wyrAPfX9ESgy4DhG9rs2QHENpK6AdkgGSvZNxL9reG,1,1,-1
5RCRSx3CosgL75H7nU8myfXThMyE6hQKJefNsJpJq8E4,1,1,-1
GUnp8HN2Whn27qAUXKzf7zHTnXUWKjqrDXLGQ11khG2v,1,1,-1
6J1CZLAiJFutDVGSDXxGAxVARQkgXtbqQgnWYyANXLm7,1,1,-1
2DG7yMeQ2Fomwob5u93i5XB9Xmd9xX2DP8YuAcjFus7n,1,1,-1
C2iuBUPEvKrCXuoCWnChr5xd9LE1nDzEia4yuPXJDJY7,2,1,-1
26aqRSKCJybR584jTKbaruvREJWRgbxpzbEXgpdACQwx,1,1,-1
3PxG39wXF9fbAUwmrj4YYYowPvHCjkEHW6so7XaMVrpJ,1,0,-1
5LktNS4zCnyPjmP8xCompHadavnUcF3L8PLqxTveVthF,6,0,-1
8ZS146KHS85LNDKiZPAFvKkwGXRQwnXN21DxT66j6wyW,1,0,-1
GJjj6kg6FZ7nMMN7hnaB8u8s8rTodZTfrVoxL3Ji2WwZ,4,0,-1
2q3ap1Xu6CconS5awmBmRwXrJVgfECPC5s97mM7CfgVQ,3,0,-1
5YGhK7uMqeUqUaua4uwNHw46SCpgrnYXLgkAidsjRRDd,1,0,-1
4bySS8dwSonEaf7GKjDa3YZPsy9itm4fzGQb45FjWtyu,1,0,-1
9oQJ6TSKxn5YZGHuScUhPNTZW9r9a51ot43schosAUp5,1,0,-1
39FniKsSeSyv7TuqjK7LqQaQiC7v7YMwJeE1sSDyU7EE,1,0,-1
4myYdMTUiQvaSLyheWiVEU51vtexpDEh1TwPA1TwNEMm,1,0,-1
3MwgKZkGxoA9Fjq7TULD1erVU5bCSfKTHawsCuL442ch,1,0,-1
A6GaW2B3bQmUZr5FWn355BMyTEQrxprVSpEFrfpBu7vP,1,0,-1
Feg8ZBDscy2rSNLq3cqnSheumWMDiqU9cSY9f5QHcvtb,1,0,-1
8NX4x8UwnMoiq61xh7VdPXmziT3qWXw2Jh99RkphpxMo,1,0,-1
DG8Kvg63akgVLZHv4Fq8L5VR46vieum9e6qT7YwFisLu,1,0,-1
56n9bDtUWtjdMfbT7duKUUWcahqaizjAfkSXToWdYoWr,2,0,-1
FBhvTKHmCT7M3TPiAsKuXqbsmFoxhZ9SqeTxbiAjprKU,1,0,-1
EMyGqziJ3MSj2mZrQwRr1BfMa8VDSkBHeo5MqnKiWiRc,1,0,-1
7vk1wEHZWqHXHK9uQhvBGsMzWK1MCUT8kh3VJMUUG7NW,1,0,-1
7k4q5etsJM2cAqytUrjBduwjsuFJV7RXRddEbgJtE1ia,1,0,-1
FjWYdfaesg1mFJfEBUfVxZzsviW6sWfind1wyGhZQRqa,1,0,-1
HrrhFs82hhGyX3euMNKUEon2FxEFsTZf617NNmiznxqT,1,0,-1
2AeMPAAFapdjhaKSFkB6Tn8hjxbaqu15UoYYWV8ijY4L,1,0,-1
6e9UkLGsWtKEiWms5e9pbZekZPNYms1frHWrqz1Ry9Lt,1,0,-1
EpffCaDxDLVrbqdQ3bTTBkAXC4FYKuygbFkDRhuVP7hJ,1,0,-1
HsNoxCpG6MaGonEKVKotoe4j1mLXi2mbRCqqyqNKpGxK,1,0,-1
GyADNK5SegrSuXp3Eas5KpFKSTY9hfhoLsKgG1nNDwGY,1,0,-1
G5NKd1Gm6MFZFYLg8URCLkZtjtcLXr1bDer3cFQyTTGj,4,0,-1
6wkX5ZZAnBB5wxszJSYym7Ngfs5ZFRurNofxtiAHR6r7,1,0,-1
BVBXqH8e6U2PBRoRLGQbqU26KqSgjVGCn27YZm5iVyRH,1,0,-1
2nXSqo1RuGojZzpgpDrUDe3aoBFETkovgicCAa8iRVHa,1,0,-1
8dBCm6cC76n1JgiqTY5wdYDmenNAjAF7dKtnmjafQtjZ,1,0,-1
HiDH9wiwwmzR5PM4KCFG4jPd2LcmWBsvJyGMGrJaG8hB,1,0,-1
FMEjMpU31F47rVi7H53aDrnd96kyh24KE85yuuhS2jg2,1,0,-1
ESdiyWLP4DNpZXPpYDY96X5Z4EaNTXnj26nVP8aoNKYv,1,0,-1
Dxur9ZtVpaKwZTo7iTZzBQJC4xjcrAiC6GCdv5cZvvRa,1,0,-1
Ueqj4PPy5QsSX7dN3wjtAPEKrsM28KzGPVuRmH2yvtr,1,0,-1
cjKbufZu3vNxyRQinop8xMbGASqJV2q241wMC6HqPFB,1,0,-1
mFTsTvcaQb8wkcYCEfqe2TLqECg4WHoLVvugUFxxfPV,1,0,-1
SZCLWchgAyu2i5xmCQZoEKMcns4naabNeK1F8u1R3vm,1,0,-1
2CcEMmPdmNo3hrCWcynoYCsb9MeZ63StA7MNcimNazVR,1,0,-1
Bw1Cr5yDHn5qGB9d9usVbTAUi4raBhgadfJfLpUPXQsz,1,0,-1
8bqLq4XK1zy4uUA9dhUZHXPMTKztCP1naNbEzDFUvtns,1,0,-1
dCaekApye51Eojg7wozUdKY5fgsPzk2jC4EXdPteVg8,1,0,-1
F5eiodihQBWnWVaL61cJUtND52BW65vwF8XbroJMtk5v,2,0,-1
71FTX5tcZY2GwkeLbWNcR6e5G37QuWjRyfW75F5kmNhp,1,0,-1
8pE3yQJ52r1sgPDvfGZCRyNMiSNDFuxPJ7dy4VjFYGaw,1,0,-1
ExkusdSbQXEgt61qZrArCR39MEDd69E4bwYkiscrv48B,1,0,-1
8jfh2T8WdFkBqEFGscBPvLYKXGgbYBpb1CCWhEyLeWkp,1,0,-1
3tWSstfvukrkMcvBkJK2sSNH6tvjByC8DVFtydHo4GGk,1,0,-1
58u14Dw8JjuNpncFCzKjQn4YczzhSLr2sa4uiREMadjH,1,0,-1
BT1cypCdWbEecK1LmKB78mMGYYVbHS5masnccDQuM5B5,1,0,-1
2R2vkuk6zWJGJBbqSesxognBBCbkUkDzaEfhfvhsK7EP,1,0,-1
3rqBGfPSTLg86sMMAFcGFqH3xB1Nf6engV9cb6fCBAYQ,1,0,-1
BQ8TKJ8m3nP1FRC7KE8mUGo27wzbmSX1ftRXy6f7rNFa,1,0,-1
9PNRAXhiXNC6b5xhj3etSd7Xp1aF3cP1iKGnyrhPzt44,4,0,-1
6caPZ4PvnbZxFPH2tqk3ASNX3Bt3jziqx5fwLDoepFzD,2,0,-1
Bh3gyhZBkFqSz6NDpQbLWhdVpVxAYm7AFvvPFb7zgYR4,1,0,-1
2WZ3vPiPJywqndcyduFqm4vPUdFfNB891ifHr7hrAmpY,1,0,-1
6dkUwWND72JEQAaKSPbnzYfBeYA4FZcs4z4BuXqeAv8S,5,0,-1
7FC39KUZWYdMhSA4AQHyZoD6tMdygpiTv6Rh1bkkhCxT,3,0,-1
Bysa9NPmKkjA1HiWsP2y2YmrvFDevayr4sVvTXpaanRM,2,0,-1
3y25k999h4qx3qKhFRmsFrrQbngMt83G3Z3t8RcXXSXq,2,0,-1
A9UXgFZeaWXDkrX55d3MzZCdMm3NhytvtSGJs91bbWyH,1,0,-1
EvdAKxnjGLpj8knqFHBjWkH6miPfPwze5HvyP77bZmJg,1,0,-1
7j6BAsSo3vsZKehUmjQ33CzNjAN3tmtZb6PxhJZ4yoKA,1,0,-1
4NKxxo2AxUSoqh2YDerChDaV2xSSoY8cVKgBM2SidpAf,1,0,-1
GY94sGGfp5bZo2prRKVs1VRAZm8LxbdU53EQVAFXMMCj,10,0,-1
3f7dErpKABM8BkpQMeFkGzxPaSj6rrSV9krbX1NoPn9x,1,0,-1
6GBtrVqFMsYC3tRMCetDhxJVSeyEJTAx9xA3YLH5aTis,3,0,-1
EhTnkyT7g6G1YRKBAPHSEJnyM4M1mePT1Y4S9qHbKWKp,1,0,-1
FFESzRxeU3nqLDDuKK9UG7kuFzkYm556TVepKAbkk7nY,1,0,-1
FkQvC5KxQNMZqAHFL8XDXwWCB3EdFWwp5ZvTFwyVhcXc,1,0,-1
BUCUnxk55pgYCKriML5y2xBKX3NdaxVznNYQaYhiHyhy,1,0,-1
8ZndP9uYEqSFSZcBiveHckVYVtDySuL1g1h2dwcooEq8,1,0,-1
FUo67Zh5b9NP1hruyDEVnP1JLS5fud3MQCPikP5Bszhu,7,0,-1
8tPU7A4kY1ppvCGvC9pTEJDBSeL4BW5Lf7qeFMKSx6zw,1,0,-1
A8fwKSLSvnkAjWF4aDzkT9ewkn1wPAT4he75UTpz1iGD,1,0,-1
6QtbXuMa7ujPJosSfKBPX39zcHeofJSSmiHuSSjGx3wo,1,0,-1
5Uhw2AxQ2gK313PahPsRcicct777qct3c7vE1Fxt1L9G,1,0,-1
3XZBhUBKhyLMiLsD9uCjz3NhiDoEdHxSSAZENUZsh9FY,6,0,-1
7JxFLMjYPhEqQidmhwUZz3x6DonrLd3w53LFucgh9Ayv,4,0,-1
8orCXiKYZEX2QprdPBg5FrzW23mW3y5wrqHapwPihQ7W,1,0,-1
9RYRpxWEWA52qb6syUQNKvTxy4RaheWbNvU93bT1KVpL,2,0,-1
6B7zoe9i7nPhLMMZ8JYnp9UFiYk3sPAPRormtj8ZXpGQ,2,0,-1
BAdQREU7B8PFUJVcqPcVPsyVDikiPwyiU6HTdo9b7Nr2,1,0,-1
EiEYa3urQuAArz1aPDnfuWH7mFUUeGF1FaEE64n3UZWe,1,0,-1
EjGSkduJyNPDrHkFfiku1ACCSYG9GSfB27h1etDDNaVg,1,0,-1
GLT2QzuX4gwstEru32aWgTJ8txGMQpV4i3khjN49EAUC,3,0,-1
ByK9DESZ8jCRTqUNhaJBiUftjGNuUxd43cjyeGZLNEkP,1,0,-1
HAMco48mBGrE4Gbsv2WPkXnimmjxYFWYn3MtXM9rsqWa,1,0,-1
GpAaiKFs2rGNJfUew7179JD2ZeiFtng5ijnBypYCRN3F,1,0,-1
Ger3AX1ufza6i9gzaw7kovLqSQwi1XBZ3CAWrDVHaizH,1,0,-1
12h6PNXBwfB3CBAeJ8Z8FU41vKqWUxLDYYbrchtcQEXv,2,0,-1
BuStmBSc8jzGTkNCHESsPz5od4ahCuWeUQqVCJb2MGPU,1,0,-1
7wCkfWz8TJEmwApvfRAaR92YTkovS5bznSXFbE6yHRio,2,0,-1
Esu7EkFq2wXKBtXFnonxbpPECC9dfLwQumcKUug1jH6b,1,0,-1
Ai6dcKSnm1rw49A1JXyAcsviGMfHyHSyA2UocgmyPNWH,1,0,-1
HTLeiatKRFagxgA4ckTjg5Bns1hvaHfCB7V8L6EGdr5U,2,0,-1
GdpYY4sTeg9pBQmAer7kQ24diVcm3T1HxDa5P4XJdZhv,2,0,-1
HmxNcPYMH8mdDcsZ6JxcV59ontqmYntZP47s9jz1Js48,1,0,-1
CgycKsV2kr4d5ndTKkKSuKR9gwRMFjbyZ7ZzZgx6SEFt,4,0,-1
FkQnn5L3YszPj8fMMghWFRmWvdekr1hiLymdUdruVyKo,3,0,-1
3p38fbrAJhJ5pq9UysbeHbHxnTqetiEucYk3nxtTPhwN,1,0,-1
34jyivjipSDFu73X25TQ184a6g91q5Y8w8njFTMDgD6p,2,0,-1
7aLXJFAe4Mvkp8KGeeeXq87L5xqR6EMD1b517xpF59zr,2,0,-1
4DkApLWv9DZiNyzqfRmYaT8C1HeXHnSncRgwFMXuw2Wb,1,0,-1
HfkxhHt7QZ8txYBqkFg6KVRY1XnMfQTD3WynDYQXeSpC,3,0,-1
3W6f1bjR1iouuSXU4Vq58danSyZqNYTz48CpteYjAv9v,2,0,-1
5ba62Zk9FnwoH34tKUpzVfSjEZk1XcyEjiXR1jTR9Muq,5,0,-1
36HBFuArkvfwpqgADQAVQzAZoUkDShbeagzUwpKejE8C,1,0,-1
tiVUexQTkeTuwLUyxqea3rc6xAAUnAxyWwbdVY1aCkX,1,0,-1
8LQCiT7GZT1zXutacR8X3w6La2WLUoSUEyroHkWiUzW4,9,0,-1
CbsEqYQc9nVd8dyEcqbfasDkrCNHq5K3C2EDsf76fL2e,2,0,-1
GgmxtoRPVDsKFfpKpFm89H51nCMNckfs4wfoAUExTSUm,1,0,-1
12vxaw6mqRiTr4T92FXurQRiR56Qf5qYFczuhv6QTmam,2,0,-1
46SvZdUv7A3GayPXkZ5iVY6xSRubppWDBm87f1amtFHT,2,0,-1
3MeqPU3MCRrHu8sVkkWJNupmVoUXEwY1ysZwPBYKrhrd,5,0,-1
GNR84FyQRFthsg6A2GnreN1PH74AQ74F6hNiZJhQzpbu,3,0,-1
HSKL6d6zbyeVPo62bWKxHnVXnZfkETsAJyCisNrPveJv,1,0,-1
E5KnyuKPf82mjJhF2LnNkz8D5QVoMUJfNMyPc4ZR7ygg,1,0,-1
D1mJWmJkKD28tCpL9atDSkzVxZUuKVJLKmyxEth3P3MB,2,0,-1
HN3n44GjhZV6RM9p6x52a3MtFzKDFGLCAQa1WqyniRte,2,0,-1
3FEN7NfE9AqcJaP88WGf8EmAbf3dhNYb4HP4PXGjcFc8,2,0,-1
8NpEKGSANSQc1TFpdZ7ceqFWQy8agEfQNksxMsSNJStm,2,0,-1
7KsaWgxWw1fupAQcDqWWLF38To3MtfcA88GSPemfBdpp,3,0,-1
234XeELRkrzBYEXbxKVoki8pHG5D3PqQAK9GYCobEoHS,5,0,-1
AmpNuL5Q4qFGPNBDwKNg8sA7ENXmekUtmpzKQckkUaCG,2,0,-1
CXkbTimDa9k4SAL4Xaq91uqJn121qYX5hR6bLrzz1jA6,2,0,-1
3SujhP51QpG7pNQ3DC311Y5W4XkNxNYVAn7FFsDnfU11,2,0,-1
9QpNzpbYCDKxEph1PGa3Qp3fCJ9TK1EKQRX34j1kQE3K,3,0,-1
3E867msjF4E7rRTcoeYCo3n5PExJG96yLdQiRpEjayod,2,0,-1
2ZA21WuQWpk2vkdxcUdpkPGXLtk8hfBnPogN8a19jTxE,3,0,-1
8TBoSiU9na8PabkS89XRQFj2rJGsrjf4kLGokbxV9MLF,2,0,-1
4ZmjWDJDxJCpiyNtLCcQtUdx4EKDYjJng7xtqnfZc24e,3,0,-1
HLEkCipgMxVvvGtFJ6JhYGWUpz3DeRG47nzGQRg2qtN6,2,0,-1
Cy8DAwJUqZYEvHypVj4VrUy3PqA6uq5SqoRjcHpzEaNj,2,0,-1
88N4XnW8Jcv7WZ3nsZLMqRpJihobyCe2LTcFGKGqhrNh,2,0,-1
94Hv25Zwsna6J7Wo7WAy4knbwDfeuJHDQT4fxTdof17y,2,0,-1
EfkNcKWjkCqdzWngRj7wphxLXAdLWKapEqcdf8azxiMW,2,0,-1
9tpc4uhsT1ADwCKaipL7LzrZ6MpcYK6JK6W13pqyehqg,3,0,-1
Dm2gcoScFP5wr4eLKhWwjuW7z8CYnxbiPZ7Zc8dDrw1m,2,0,-1
J7efDiyXxKk5Dvqg6dTCnmnzjrv4KvsfuWZPfx6gsSe4,2,0,-1
44yEgDTZDtp3hoVVWi3C6Kqh4d2k5Tp7aPAjeFW4sawA,3,0,-1
65MjuX2uqTLLovtAb77LWF3rPJYCy9hEETQT85ns2Ynm,4,0,-1
GuDFrnx4Snk5kTW6Gpg8aEhLwasRmmC3axZ2EFjGKLqa,2,0,-1
D8ESQYk3BoM44Fj16dXhzzTdmNSAFMy5Ncz5QsPcq871,2,0,-1
DaqiMkcBMXv9Rem7Uh4CJC8EEwmcm8J6jHW2VUZnwUxF,2,0,-1
7cjJjxfSruzsquaPs6e1eWJYGnLcJ1wJBQnhNJvtYxsw,3,0,-1
3dfQpLQujQLgL6pYChJZiWHfVVTcuc4iByHQUpuFUFp3,3,0,-1
3852ad62mXyef6RPYFbSTDjir9dyHfWrMp1oNYmBpfE7,6,0,-1
6qKj5CbSoC8KCQixer2hzRJErhUe2dUrnnrCTYQ2duka,2,0,-1
9GhA6Hbq68tgDLMH8hzLUMQTjmZsubje4YVBxJynGAnU,2,0,-1
BiZ44YVmrWBtfbJec2svUWfn1xdULKABLZ5CmB39c4hs,2,0,-1
C29MqYt2nW3uwMRHPPVFKJcNXGjKUKSLUpnCAoRx49Lp,2,0,-1
3eLx8Y3LC66o2wb2wf9Y5SiY2RbR6RRu5afY7vQ5n3jj,4,0,-1
yAK46L7VDFcjf5aSxbQoP37qqNqVw1nVWPJ4JJebi6V,3,0,-1
FE3pRtDCg4kBmGi4yksLCYeCGy5yey2efp66wVAM8oY9,2,0,-1
GwgzFP6Mnoopnw77whVdQusR5Eo8Q1zUppJCn5emhGTt,5,0,-1
AuyPAh9ekDh1be7xxTerYP4XuK1SANUhwaXftMmfTgCr,6,0,-1
61XSPUyumxRVGL9qoy5BYVAC1yr9hcfU6VpNkutqnvzK,4,0,-1
54vNJhRKPg3m7QWjEMuL99UPEtLhZiuSfFv3UyDMNsuo,3,0,-1
EKhSjJD3BbV1YtEh46dTZdLjQoaLNUAhDBJ2TCrt2zBD,4,0,-1
2ZcWeaoftcr5YYRu6QQtsByW3gX64HAthKtgerv5xWXW,3,0,-1
FfYjH2XYvXRmDm2oRPMyNkJ2DcquCwCgpNLELdjimkyh,2,0,-1
9TWrJx6F7r4r7E67kJUf9Hi9PDmxoAacFooEKeVc4VXX,2,0,-1
4jCZyZar7EzWACSrh1c589th8hNTD6vZmqdr5m5JdGnj,2,0,-1
9ZY4XG9N4h7LoDTGshakcmngLqYNfvqy9UnTXkQSKKMs,4,0,-1
CX4qTZDdXJ9e8hXMtWxLF2AZtWLgjugkH9tASMRzuf3j,3,0,-1
F6UHoB4M4ePhhkU3QVhAZ4mLi7zkS1YKtXZJCZRrriAP,2,0,-1
4fEJpS1GbL212aruh5KGQkHFQ1yB1XXAj89NxhPNk6j3,5,0,-1
CFA2PBr8PLe7s7GSjSihEnRuCpB1kqUx1J2TR8SZi3qe,2,0,-1
DmPTeCSanLTqbH388RJmi9GxNmxSkexFf3y3cdysAAuR,4,0,-1
8vQeeeyg8VjH7ZFCTa2Fk6JcjEnPCwoBjXT3NsbfqUSD,2,0,-1
Embf6Ea4yzP8yNKGpbL58WD5X8e3WtaWMmyJUUDyjaDq,4,0,-1
DRb4Kmf9ykjcHNSCVvRGefNoSArix6136U1TJoqs27Kr,2,0,-1
Gtk233CntQ44jPne3sBYsmYZcr1KN2tN1sxMho8QLMJa,2,0,-1
HqSuKWLPa87hecLCJw5bvVbFaFyWy7D6BcSp8xneu6FJ,14,0,-1
J4hXZH6QFzYtvZwwSYvQ25LbiZgbGGyR1to6EgJA2NUm,2,0,-1
2z7RXCbDN2ZW1P6zU6B1garwUvQdcMWtMNVwzsikMNu6,4,0,-1
5YrvHccsrDgdKDDfBWrfoJS7T5i6QmBKbeiTcqMnV8n,2,0,-1
DUfQrQx3yXTcprUXFizdZrgD84FuAFGpKiGDDuE1AXYa,5,0,-1
ASF3M9SXSmuobEFg1uk2P6agRdkMWSeoCYkZu17rtnMt,3,0,-1
CBv68VoQBfQ37tfL5MMs5FKNqdsMHqNJJrkAWqDAexyM,4,0,-1
HeZYwtkuzoxkEaYUhujt1d7NVssNPYkWNJeeFoiiAozM,2,0,-1
9d7k5QqSK8NRtiZ2rY4Djba84B7oW9DnwYW6b2cprEvq,3,0,-1
HkTcY3Gkvh3jPbJUDgNirhvPd5sAU4f6wiME8qx78T4b,4,0,-1
8Pg8BuwLfJ7DZW49GsDnMouAd1qR1jH8WgcheaPCMBKz,2,0,-1
5vuLdyA7HomQ3KCyTpnr38y7USuJL11MUcN1JY4yUjAW,2,0,-1
B4qeAZsGZdWEmBAdiwZrjLPTmR7j3bcTHEUJnZG2iw1P,2,0,-1
GqQd9RcTG8GGTn5sFiiB2VuHVqHLVruyLQK5Z24DoTA7,5,0,-1
HUCKGLrHmXngZeqY41s2WKnM3DSgJeE3woRd59iMZg7x,3,0,-1
GQcSE2FvUo6wre3ECGWfhE8W858LzBL5fsMgpyYF6eM7,4,0,-1
4VCcXJtXSKprBkFYy8Hdyq5hqbMJQ6fqgRZ8oz6BB21n,3,0,-1
BEyGjX3LvLT5qKw7movj3E4Y8BvEbjzUhMKvkgzLUCRa,4,0,-1
CSu3kNtZT3GtWyH832ZyLGk7r47qKFPRh8TKcLNG8h6t,8,0,-1
CsywdJRLzyF2kdP3B3CwcLg56Q2M6vsa5ACEYyUmKDeJ,3,0,-1
AxFVFJcT6uLo1QcNgCPMfJ8D4yoURChCFzGsYQNcCdu,3,0,-1
5X78DqFBkMyysXbHuzn9Ct4sjv7UJqat64o4AsqmivzB,4,0,-1
3tpz8ZhJENJPcDECggGRqzBahy77tdunLpofBvYGbBuW,3,0,-1
AhDEfWgZwvdpEH2WuQ6H3PFBZkpWmYGLv2Zb3wSBBQqx,3,0,-1
WQsUxt1DeYHqpmTrDA8ydNBaLU3YmwwczqENrjbdTS4,4,0,-1
7qK7hvntYHJtmLFn5tPEDxEVS97DFKckwr2RAgJ6KcEC,5,0,-1
FPcBd2wAhcyiKPVDYAuyHHNyZwoS5pJP9ocwUESxruMy,5,0,-1
HAyiLuayxwgJvwZL5RURjLxq6NAdts4cBPuSVdiyQjaQ,4,0,-1
FA9kDb2YJ4RYuEazTsksm5Hvh1wSWRK8up7SjzvQs38E,3,0,-1
EGmkGgjn7BqbP3twhQ2f39cowHLLmeyYaTBRWJ8kW3vp,3,0,-1
67HB1DLUttZdbTdmiNhY4ehcr6WCs6PdHH6Y9dr6es39,6,0,-1
C4ELY2AYRvgci7VWT5XqGyAb998W3oyByt1dMRuTzRxP,4,0,-1
4rXXnaUwX7isoBhRnrnyPfTnKZjqUGktegjBqCHdPGcX,3,0,-1
AxxR9oC6u9DdGa6x49iJZADKJe5xTGs6ZMfuyTwB9mvi,7,0,-1
DG96CfSYWwJptw3Pi52upsyAFFZqyx4oo5xwgfArPQLP,5,0,-1
8eBjL47dDpw9f3FpqEqonxL2o1HVtJBWpwaVy3CPghNM,4,0,-1
BYxYg6Q53rqUygNLNfg6SYPMz3ef4EtXRHTkdNKuuAWU,5,0,-1
C5QVGruAot6hyGy87aEizL5Pemh3UAECmzMsDiN536Qd,5,0,-1
771UhGTjMtu6P5BkCdc2gfWVXryuHuawCRssi5jXyhBq,3,0,-1
EJxrEfHT7RrqVMEJeN2d4QTWkHmCBoK65RUdbsntFxsE,4,0,-1
H5kijmEoYNttGdu6rC9SZT6bAocUdtzDau9wF9S3RTAH,5,0,-1
CrteTt7gokFP3kmtXp6Tn3R3BEP3ryGegtExgPTdqXGr,3,0,-1
3uAcN8dxN6LsArwNitwtXze6yokBqGRWnw8tHutty1ZE,7,0,-1
Gb2ATfPR5ZsFD97GogwwCLhQk7KcG7VPywZi1LvXrSj3,4,0,-1
EERSdJgN1U3DLnHoi28ATs7aj8AALrouptPHwH5FPM7Y,4,0,-1
JUwYA3NMNcpuxNCeRpjVFPqCD4wPYN9fSrUeR1fFQkF,3,0,-1
AU1pK1XQ1K8YErVYt4As25DsyptBSKCw6C2sKLEDAUBX,3,0,-1
GnCcQaM6m2AmDpJjkbP4MS8jRkuAzoCaMgdMM19V8EeX,3,0,-1
GYn7Tg3zycMK6RtEgJAHzqaLkAxF9F11vwKGE8et6jBE,3,0,-1
5HwxgRPL6a3z4TgEJ12DsVbMr5Ver2wtpFX3bDyb33dh,3,0,-1
7nyhV5CJn2zw5mM982nRuYYGZA19KzVoGUUrhwWxqHLW,4,0,-1
9vn94dTEzEa83z8mVBVhf3GhkqfpR2QBYsq2j1bWk1AF,3,0,-1
4eeCUx3tS18G7aZzqwwDKNQBoxZFNfwnvvh1XLzMcKcm,11,0,-1
4t9gZ9osBS8w7Q1Si5yvX5ytuT1wyb3d7ugwnnYJwrjY,3,0,-1
5eEfN6YHHwXN5ia9RGph5SDPep5xihGB5Y6tPQVnSEXX,22,0,-1
DL6i8xkYKCwc9ftGDisWCmjE4L5Wxtp2eoYLcaPDVD1S,3,0,-1
943PvMfXwxCAn8HNquzY1jPazQEf3yVhHoUBQMptjJkK,3,0,-1
3tQmAuL3d2JpMgJiADk71ngVxSqK2zh5a3C3Z9ChxpXV,10,0,-1
3BeEPCvT2L9C6MhQx1F12PXeFTKgR6N1oASNrvbDKXbn,4,0,-1
HsUReQUvXTGoPqJZxboJZkqCft54TCFFLe3fJVMYg6LQ,3,0,-1
6tgXd1pP2RXVird5Ndbk2Uwitn8kWhFimcU1JoJB8mCU,4,0,-1
4W78WqYSD5mLHRC4dUU9jiH2ABo9QQP4jvp139KBwW5t,7,0,-1
85TZPUkXmM3jXvFx7bdcK5JsbgM3rK9HwpUDrzDNkHR9,4,0,-1
Ag57iKV5TGVes5ZFfkKqQU9UKXKEkpLxWHpNiQPNb9rL,4,0,-1
EBAmCdVM9H44AUtzhk9UbGendv6cc1MwJ88PJ1n3996c,4,0,-1
ENK2cD2vG8Xt2ZCb5Z495QoxKJeHcUK5KXckasB9ejFq,7,0,-1
D2LUd21oSDJiYdCyGbT3TV2ocecEXiwNQbJgwUvyhRVy,4,0,-1
H5X6kJJDHaMVK6WCFuY4QRABKD74k4mRQaSP4saDXE2J,6,0,-1
GDvYiRcWDYGRHCXn3JLmEeSe6nfVSh5CDXVeyHt6tRZ8,4,0,-1
6HCE8ufopYWKbY4n2oZRV12moDWxViZnUrA8wMhdf39V,4,0,-1
7WaYWPxc6NnPBEBGWA38iJUwiupYJi2Wwjs9afYF4QYB,4,0,-1
TWKbZg3B4FDuDTSfSwCJTriMGexpz9fsYf8spMvpvvJ,4,0,-1
EyHSz4rHzgi9MBRcLf5H7CbNTaYGAbhAY5jUiACMqYgL,4,0,-1
DWoyZnTSpEACKYsMj7zT9bdBruyP4SBEMPjLbFT5yEhQ,4,0,-1
Gbm3wJoPTtQ7pGeTjqULro8Wmd7nPMpEsKVS5kY6QtmD,4,0,-1
G3atYvFHTDCUp3WovKL2yQ7Z34uAxZpzgFk7YZeUWNU1,4,0,-1
7uLsjaiafhBMgbHpFVAP9cNn5g1eax4Fy6REzEpvKg74,4,0,-1
5YuWyBDewYKKcdufxrACSwkbCCA44vrcUgUb8FAvpwJM,4,0,-1
EstPR1S9oMngQrE47jdf2NkFKoHEnEhdyRGSScjBpyA8,5,0,-1
Td5C8W8XA6jWk6a5ZhvDe6mMyEgfB1bb4XA8Hm2DkoU,4,0,-1
KeBjHZcS2Bv8DV6LYdWkv8oJP9j3PJucC2kLziFyADX,4,0,-1
6M2mzR8dL1gJNj3K3WmV5DXBo2MtFUgSwSRNFQ94XmFT,8,0,-1
3TMAYEjGxKNja2aQjbUXkEejj4w69Fcm1ZcfuuXAWWpF,4,0,-1
7dRRCzZ9CMF39amnLDm4PMzMSK31jqPFphmSkuUP5NqB,4,0,-1
3pkw8aLaoxHgpzNFgmjWGbcF3DA4uGVyaoMwgoRczwbJ,5,0,-1
GNbSnjREFHomSJUVkPLAkRQwF7hPxrfiBM5TkYyd4Wce,4,0,-1
7S6qMZkGtfZQaxwcZLGFgLHuia1c1RjYf6VBvXAqe1LX,4,0,-1
Bi8Dh9TLyr8ABStnnZEqiPcgWsju2j8v69fNUoApG1UJ,4,0,-1
kMSKpWq3WYEov4n2r2L7mx6Nrrq6soN58KxnbaNSVQ8,4,0,-1
8XJQyn3EMt8gGeKcwCarA8QvNE84jw6t1a3Vu8SYDSmp,10,0,-1
AUUtEeeRkLVRx5FLhh8eRfnxW4nJMn8Bat1K6nH6apM6,4,0,-1
Aq25fD6QDk827AWujSfBmocPrsEQGdUUSwCfgMnyJ76N,4,0,-1
8PPrhBeoHaTidkcZE7WXX4xXgBocPqX5amH2AS59kEx1,5,0,-1
DumpvhEvCGN7XNf2aMCY51C3yfeTDifDYCb4TFqZtgdo,4,0,-1
AJHBcG3CCnHRsBcXEjEL1Zo4gxxh2biRmBgSyZK3o5eQ,4,0,-1
AQXtZ2vuv9r1inGMbhsE7oKJFBGiv4gvuzuQBj1KE1Gx,5,0,-1
AkyWmzgbsDbxG4A71t4eSLMkGZ5VJuAbCW9KxMago13k,4,0,-1
6mvhC3zf2ftgiEGYZGN5GU6fQy8Y8MnXZshX3YyALcYp,4,0,-1
AfmajkpHTp797ZoRWtSLmTtTJ6uepeNySX5HXzsvPntq,4,0,-1
BiKcVb6t6YDZczYjWLjXKwdgAUecdQrp1EJXAfRmu3VR,7,0,-1
5TCgMnW67ByA8SoJFyF5h2A7Ho9f17qvek62nUJNS63Q,4,0,-1
9FP5zGnNa68XVG78S96Hnqiv25dNYdoc82DNJs61tWuq,4,0,-1
AHLDkmf6eGNvmQgFBiXiSpnE3ipQzbqEvCF1US7DhGou,7,0,-1
F14VqTrW9my8SKCm3tWi6UydvDzgARmm2oxnRK3oQmoc,4,0,-1
4HJNAkYMfvAAYKeuzxdLLftE41KwqNECnQ1JmsUUG89B,50,0,-1
4DNjE4MZrCeZkUBs5Kw3YZWoagSJtMudXUXdBgB1QXuV,6,0,-1
B5DaGeSG2eAaZU4MjCbNdYdsB8jKNkG8Ds126iqk7PUK,4,0,-1
saMn6WCdwfgeuKLy9CbU3wWjpZCQDYmTYrE9JStgN8D,4,0,-1
GMc5UVPKckwnnbsV5QrH8pQdmVNkpsXeJpiqJYJq7H8N,4,0,-1
CazNeHgjf61q8AX8iDfzADz6wJaPiukkfGxjL4ra8j8H,4,0,-1
WN3bN2vHHthDEXBMpZWD8eHEeHygLbnCXMD9eX8u8mP,6,0,-1
A4i9Agi7Bwcz4JPLayd8otLRtLWzG1FAGPVdArN3xyLx,4,0,-1
GrQYfRRuR316qBHDVBLdUKgZLcYj67NHm2qQA3vkYkas,4,0,-1
5ntXv4928JZBKB1K4FViS6hU4QgELhQkVnLjz9ZtABNh,13,0,-1
9VwfdqNcr37vGguXDbdjd3mpsWb659JVBzzZUxG3dfmh,6,0,-1
2GHhykRm6hTR8DwD17JoxcJMT5JYtfVH3WvfBnSYW3qx,4,0,-1
WpAc4UbYvYhLzNcrXXmszC45kp5xf8Sv72F5Sb2bjSa,4,0,-1
EMSAc1jUXwEjqGdicMSgXfMhjNFnejjaqaLMRbVhn7Es,4,0,-1
3PkQ9pXgXa6cjDu8nLmySsiGpAdpatLV5xaC67jfXmLq,10,0,-1
EisoeUegAGp1RBYjhexbGPVHHF7Aj73u7fUcFnPhvEba,7,0,-1
Cvq9vjVGeuGubEHjS6ypjBDRHAJaGo956bWShYHJW7Yg,5,0,-1
H4oD6mSUoJhXFXC3PVCf3KqKmwdQqjk4unMrB5EErD4k,4,0,-1
Awih5NpSFcoreVBmun94DrBCCkPgkNGAXBKT2GZuWZRi,4,0,-1
AviXBhR5w5SzCEBoS8zHp5AjEfV1EZhAoeP8WzNhsb8w,5,0,-1
H93oj3NGHSiCQerFtLxYzrhBUYxN3PMfDAz51nGwy2H2,4,0,-1
37tyAEMWypXRvdagephXYXBHBVus4UVpChot5cskCtQU,5,0,-1
5xNeCqJXGbEGCXjYHRH81H5JuXoRFiJGWeXVEDAbvaT2,4,0,-1
6Er9pfs7NGmbtrZPBctAbyGsVi7yGVuzpcJKtNBSkJnr,4,0,-1
DcT18UbnWMoze435L3PBGj5Ebii31Sf6r18i4hPUFbMC,4,0,-1
CqRX5oC1CBKZorM5ZvHSwGY6shczcHKnENHpBqBfShDj,17,0,-1
Cqr3DotcdTaTPtiXwmw3bqUPcMNk9F5eZNSc1skV2pMC,4,0,-1
AK8toXqety3iMVt2hsiC7pPD1RaofenWegtQeXrjFqdA,4,0,-1
oikUusCLY4uDveE1gagMH6hPweozgGFjb3mwYMpUUJU,4,0,-1
ChDTwnEfWoYv4Sc3fRqouwQvhVcbxZjnF1NtEu8kG1Mk,4,0,-1
8GsnQ4rb3a9toMQATCVYu7TiYtBZfxxz9UxFfPN6hub9,4,0,-1
Fj3uzfnQf3uKnsvz2KTMcTpicLhbqquBTb4YbLdaWxFH,4,0,-1
7gC4tVgarpC6z1xCp9GGXpWMUzXsuJwyhdvM8TTRkj61,22,0,-1
B62WGfR6FUm3MnzBXQncD61iVKxPH5HJfTmM2s48Rbf3,4,0,-1
G7nxUoj6Eg7fyRnexhV5nFArxLseosCMLaH98N45CxmP,5,0,-1
ZaynFY65ZwviDPC7nd5LVmdED5qjMbA9V7XQfa1zKsB,5,0,-1
G1yhbjQn437FzGWHMFx2jA9qLYtWHF74WxQ9afSvvRFM,5,0,-1
V5QHMgs7zSTnFfvG2dirmT2muG1ybDfQqBpGMz6PkeY,5,0,-1
3imYUuQwTYSrdVBiji51yyPdi3wLaBv4j1ttUJC5e3Pn,6,0,-1
DARKhuqaX4YbsrBFAfc7CgERBcVueQxQfjH63Y2GGpYr,5,0,-1
2vjVMQA4i8w3UfVn1HrMqKYfiTfoiEd7twLGgCypZbm4,5,0,-1
DC8ZVGvvUnD95a2WNv2fWHQ218TAr3UxALzvBdQWKoZ9,5,0,-1
8wcvYhoDx3aZmkwpkiFE4DHiizznYbjiTN7yRZ9XMkXd,5,0,-1
7UR7mPTjkBU2a6PUA5RSmJbHYZkWn1YqSGCyCgUeGdVY,10,0,-1
G1GEW2e4HsWxQWLGC2Z14xfXEww3b2nGPQQz8UswFkw4,10,0,-1
5u31Hgoc25xhYsnNesUN7auEwCcL7KX24zy6enQAFJnS,5,0,-1
AMg4ypSBcyX3SCjkJSKtAoa9YDJ5nyowF364iyr7x4mi,6,0,-1
9sg76miJugG3sWpz4T4ML2XqfiSCcs26dhN3qjFfWmLk,5,0,-1
C3CFff1pGvfHGrCLgi5Q7pbvVZvY86qMk6epqndibHDU,5,0,-1
Gs95fWVkgkoXHvTMFKJcZotpNTZTn9dUdxGYCtxpduDH,5,0,-1
AirRTMdgjDNah9fSd74ATGVZcU4f1EX8ag8cUTrk7SCF,10,0,-1
BbnXf4Vd2w7qAZxgsaymTj5hppJ9Vb89EnGHNFuoyH2L,5,0,-1
Em1ETkZqjMcoQqDTYoNQcz9MdmxCFY6cJoY1c5ZRUpEL,11,0,-1
ExBkcnKvYEVQctvCbmropjX6hLAwq8e2q5C2ULYqMASm,6,0,-1
3Qt95E4ErGEKccWm9FTvgoEn64t4eQqMYuNE9nNkm5u9,5,0,-1
8iALYqNeoRzwnpBaLVM6yeC2tGLKjrBFQHFEQt7pJu8b,5,0,-1
9hsZJ3mpR16mWSLXPQsuW5ZFGJzuUqPoYy2Mt8p8FFm2,6,0,-1
7igmfWoAAkBT4Zpx435KZNushUi8z6puJiFAk7cBH7r3,7,0,-1
n5DxpHcy93yDDitvpjPsJEE1qdnRCBohGSpZHjAuuQS,10,0,-1
G9JcXmJkFrM2bummbAFhNfjsnC5FMffbxwFxcjWZx6Mc,5,0,-1
DC9dmBstyEjVKv6bWqTCWzx9tzBX1AYkf7jYjMgjxSRC,5,0,-1
3RFHZK3s9NNSheMtvZgw69LYAE7mZExKzt4VAMbaPyLV,7,0,-1
6zTDN2gZGEA6inWQq9CDYt81gtRWDpx3EorcRQU2N3YQ,5,0,-1
3kgKQEQu3Hd8R4VyVDbWXaftCJiM4KigJMQqepcAPutg,5,0,-1
HraD5Fyw2TX36fVyifnaUgwHyHzYGeQVKhchVeYDruWH,6,0,-1
F3ebHXRVZF2emjA84U18AepQRbqhg5NbVotnZQEJ37C3,10,0,-1
DqEHbYsFE6TUtCPxmiF5Si5FNf8RBJ2TvqmGoP7zhSuL,5,0,-1
EXFDwFtfWUWPcEa1898APAGF2MEFGwhyCpMnNYU7Taa7,15,0,-1
3njrEYk5sipcR43emUW4J674jjH4q5c3reJ4cwBoxDZF,7,0,-1
5UAvSLwe4ry7JTjXBHwWfcQ8h1MyW4rrCrpK6rUy1guf,5,0,-1
5pUaK3zwLt3CiDFJmH7GknQzsRQEYJ9JvZfjWNaYWLtv,10,0,-1
Fc6YiDKUeW3y6Wmhq9f3u8hssF8W8s4bpctF2wM5Vqij,7,0,-1
CqZzhWz4zScvVW4Tnide8Esi8uoa8XuNdx2zHkDAfRKd,5,0,-1
7XPHdqYLeJWYK9S8HbtnSx1KgyS3nGTLURU3kV7Cdnwr,9,0,-1
78ztHyTQviFMDWUYHgkoH4PvTgt2wtiHXrZucysSxiY8,10,0,-1
AMqzMqDV5XibHD6ewRik5MGmwzCwpoAMRCq8vyetxRby,5,0,-1
Bp4cxS9vbxjzDC1XFqseSsGunyt333w6WaA2AN5BfM7A,10,0,-1
5yinWN3h95HAHwoGh2iF76xErNuusXiP1AKdeVvZvAjG,5,0,-1
CeybTm9ZU2LXF8SSeuvuv1Y6RTT47kHC9KMtN9uoCMgm,5,0,-1
Gqapg5ziuxkTancyNGPeskR1Knfhmp2ZFBZcZb6JQYuL,5,0,-1
7uMb5pFTSatUSbQfPCGMQuX7BAwXwCEyFebshSVrmiZg,15,0,-1
BfW6Gyp98qBEvjH92DJFSxm9hCDJTWCUKBqN4mDCoo3c,6,0,-1
3RdyvRVKFu2qUxP9cw8sSdmrX5u6g8M9cYCSoCxJrisb,5,0,-1
7ncsJNf3j8qbU7YGn4GkgkbVBQ3MkEoBsbw8hPbVpvFW,5,0,-1
8boZKokAbmusSCy1aSgSbQA9qmZtxenuScc2cnYtitJ1,10,0,-1
7Thv8Bj6kUePvtmBzsE3RGaWGvvKEmNHkrPyZh5n6PSJ,5,0,-1
6LHvGxrVCARu1PxgWmuBroMnsz8gaYyVayBPf5NaF7Gh,5,0,-1
DFSdcc8AwCgstfD92WcCjnoAv2WitdnkHPVPfZfEedUR,6,0,-1
51Y33RLps2UVTX3dpRBt6HkfaEv5LMk9BByE8UojH9Uk,10,0,-1
35FDmsXjxpxJepEAue1Kvb9qMqD7WC7mjEFcUfahD82y,5,0,-1
3jomDMZMsVVW3WSGAbJnc9fNdaBpXNNgPtGK94SDuajG,5,0,-1
8y343jZKrRj7XXngps2GYscSxPWSyJjBJUDXP5wXnSL9,8,0,-1
DPho8kzXi4Ek82AgDBJWiWuN8CiyugBPqPaDRkKcdBH2,5,0,-1
EQCs9wa1n3SavnV8V7c9sMFXpgjcPwHJ4fYjTVWwWwNk,12,0,-1
CrmFgjPyUJEGJcdjyHYqPjQb92hiW5yhp59dwSCcJPME,6,0,-1
9V1mY3pKq8dU7c4RjBhVujMjYCas7orADgCHHComMqMr,6,0,-1
H57co8yp6G2wcBzr855xMqgtVr1NXd7wU4PxGqipmgbA,6,0,-1
ELJiPKnY3VWUNVzQ6rfMxkxMCqwscfELbs1HCBrGrktJ,6,0,-1
6Vokuwac5qRdv3W8R4zSX4U4ayxhqL9yjLgj5YAfnN5i,6,0,-1
D8KL2L7kYEwuiqFaHXZt1F5BxVuVZLHPdXPwFatTVop3,12,0,-1
3FqcLv3YhgBHVZrbwHVMnGHhwnfoqEPivASsXuMNG3cT,6,0,-1
3FHoZRVE34cYBK99LcCDVog8uJgAkeyAxLz8CJUpb7qS,6,0,-1
2w6xdNK4pFbeGKoRhLb9hFXQ5TxYiqWDc28km41f7zh2,6,0,-1
5Yrk7PGFh2DVw6G4GyMafhyCBB9ZBAZrsg3Z5FwKccBK,6,0,-1
87bMXTE8QgAsCNHmchhQLYWYAjqt2w3fR7VRaLtR4FjU,11,0,-1
GMobrQNMeyp3Mp163RmhKGgZnxa6cyYzwhtxwLj1nKCf,6,0,-1
EYwvPgvRrNdEMFyfeqNQrZzEibKQa4qNhfGCrTMZ8zCV,20,0,-1
Bz2Y4TZJ9tonansyk7E1yGE1wCHFa4XdBjD5ss1Lrt2C,6,0,-1
BZ7m6uzhyacsqsJ8WxD3a9EYzaUef3edXisD7V8t9y5R,9,0,-1
28PYjqGrN7vi5c2kccYQrdhoFvqLnUGcuELPtDrYQTmb,33,0,-1
GMiQE1n3GHXg3b4YBh73GxifZHMczvvhnHhtmUreD4Kz,6,0,-1
3K4CujUKX4uszKyQXG9tYDtUx2WEtPTYsi1ymPD41vY2,11,0,-1
9baoDvWaWHP9qbWCphcgBBkjptuW5uiMHNAg9tn3Sup7,8,0,-1
DmoruXEzQ39ZywLYs77umLK4n7yrxkgFJDrAWjRSRUoE,6,0,-1
DS4kTSCQm2YnBUmcAk9N3w8NSFm8cisDSMibqoWwYHtR,6,0,-1
Gmm5Am8uL1cxLTMwCPrcpvP55p25oL6Ey6pbNFPD86Tp,10,0,-1
8kBhp4GQydijeY9GUy7jzx8rHERWUwbKWxyjScqsLT5R,6,0,-1
6uw6qooUZkX1xYeN9wt2g6CAQiauJBhnWzfTUfg49X8S,6,0,-1
BAsD1biuUAmCtXr9nGDHbDnCndVrmpzUpCbX3qkpccn7,11,0,-1
7oE7gA7K8zouYkDGJCrks4qgwSab4XiBPyxfaZ42mB8F,13,0,-1
BH6N72CjsqssaDT8VaQjAYgbGouzbAeGDqMNmeaJP5gw,6,0,-1
HPXjqsuedn9Pd9BYBk6DFjP97dcPY5Zk4JLEHxANfBYH,6,0,-1
8fpppXrtksAHaiXzHX4XoLU8uZjZHGsZbQrHz7QMp7MY,6,0,-1
4GRiDzf7dbVQbFEsUrP7jR7xxMug2L4oerejaUMvBhHj,6,0,-1
6SDdyx6HaNvgaJMtjgm292NoDucuwZqAhD2fajNmRq56,7,0,-1
7SH6uHk5Ewds6fiBGrBUZL32k3uANsk9eJPdKmYa2N9r,7,0,-1
D34ngeztRmTAnosFVhVb6piFakm9g4afXrS8Yt8GUzPU,13,0,-1
JB751zosMdrE1eFPMMJvAFS5fsehmaYs5PshUvACBU8v,12,0,-1
Ff9jMC54ed9wizsvZfdPaow3sA415J2rSacp9pvBfYnk,7,0,-1
5AgWgZJrh3ZwKsueWstUDA85sXAcffMbWmV3xsuRLsv,7,0,-1
nWHEifDQycoRdEqRofLC9PR98LJorvZ97VkZcHqB8wN,14,0,-1
HARdByLUze6KqDypQXbjDrRXGxiJm5jJPFca9pPpae8c,7,0,-1
ASscHdaQojmNJZcx7rMnGASpjTL1Xd7sRPfT5CL3cneG,16,0,-1
THyaG2brqtKaaow5gbu1upxt4U41ERiCrjrVcYTLLLh,7,0,-1
21vjUggScwCKLgdMjxU1jXsKXJ6aETgbmMd8MJUAZMeV,14,0,-1
AUa9Kwa7Cd3Gguppi4wv91Rz7fedtXXmJqwe1PnAie4R,11,0,-1
FNQJFcy3fAvQJXAVpX7MXd1BaqJu2y9uuYQXKFYYAdd1,7,0,-1
13M7pzSPkmqpEnywpBWunLv4tKVAgTw8Jte6AmNoFLv5,7,0,-1
AVFKtmHjd8y3CkhBBx4nfh2XP1qqEKkEbzcYPBo7gat5,15,0,-1
7zVnLLXSk63kJmnmgtVruyJ5zfY3Z7WEQ4kANmbW9k8v,10,0,-1
GRguYonVqWyMtVx3gsNVfh4QmGMuRRPnrU42qmsQnSpw,8,0,-1
AkEAdTkP3cgG8hnoBoBwRHXhppfrChc73nNhCdt3RmmF,8,0,-1
Dr1b8CtjXd8iDwdA5BwWamGVLAW7GG5CBoiqjosHhpiU,8,0,-1
8cKh47gCTxbVUBeFqV7oPLyYfQNdbv9i4mRNS7UAY4Bv,8,0,-1
GbZja8MRNPQuPtd8kdKUhm3jp3mvrd9NNSWfQoBrt6pa,8,0,-1
6d1kpn9XzUjPUY9kUPisTLUxWyw1fdWZqEETMZ1MQi61,8,0,-1
4QEYfQJUL68NQRKojoun2cJtLrMeLSjWygnXCMzY3mPP,8,0,-1
4obQJXeAKpATyR8mqEscsZNscyjfysGETCaqJyNWxSj7,20,0,-1
9v5Gjoe5YpCZA3FaEPr96GEypjt9BnfYGA4YW1szDRfk,8,0,-1
BBf2r9sLUxgVF127XLQZETKqrrruaWMNEdSwCAo5Rdt3,8,0,-1
EVPGQAde7DLp4xCfKs7Ewna92TNjJpp816JFoCLtzBmC,8,0,-1
BsNva78AG1f2MmKUWv7An355Ta7Rbhwh266KiB2fc15U,8,0,-1
5tm85LnSX8Rndak8CdHTAJXbqfHkBWdXvrQFg2GYSV6G,23,0,-1
5hEz1SpWi3VxqgZbMwepogHXda72L9W9gky2z3BqCPH5,8,0,-1
FjXh3FvFUBxXANQPsBDaZqQAJKP9Rr2C3DnZWjZA7Mqr,16,0,-1
DZoqunws7Xpx8Wbv2hkaVYxm2cDEEM6jEkkaTAZsdQoU,10,0,-1
4JC9w6Yuy4fdEy6qnnrMtQJCTgX6WY5gu2vkdv2HEAMx,8,0,-1
6CsaftxaoGF6e8FgVKPvvPzDLMSnJhq1ThpWDY9sR6k2,14,0,-1
7VphZ2gYserMd9yifHU6NKDL7sCioCtkJW6nrTvMEtyo,9,0,-1
CzEUyTx11EW3oHgWidcCwkB9etdh7G6DYpmHMWx7ssxQ,8,0,-1
EfJqWB8EjDQpS5tG2kheoA6MiH7uB2PFZYh48ACJLT9u,9,0,-1
FBuBb9Tta6JW1PvHzBgBCcY5njFf1y6aVgzkkSF6Puii,8,0,-1
DHznCgiRMyDWHrD1DT33BuQucUhr2Q61ZrnY5T2jJ1w6,10,0,-1
4Jydq3yn8DtQ9jgvB74Y7fTb9D8HbExR9up6dhXA9KzH,9,0,-1
CvLEECEjauyR4Hat4WkKtLFXh9e2vxnSxm5wfrXp5Vu,10,0,-1
85FapeJc8AmTqBZgeU4NLfbuY5Z6auLCaaCMoZrRpod4,9,0,-1
7Ex3TqYEuSFutW2jVeVh7yAWVxJMFXFRCmft3uGpRquL,9,0,-1
4pmHGS5T5wUgYgmJkvuoBQ17nR1CbahnXSn19WL7uV1s,9,0,-1
7cDP4mzx5dbQtKGocZEwGH9eHqeMv7VgnU2uPfQaGT6y,10,0,-1
E8ZtNd8sHEpEVrGjb2ymEBXkAn4GoNbKycNh3jdauY1t,9,0,-1
86q9wN9rXuB5rbQPveQq41Rb3Ufpaa5XzYeCYAt8XuGR,9,0,-1
DgAs3HxvsRnixH43x4vWNg2TZ5CAThhMyWvQPyazDBkP,9,0,-1
7RVpCCtkVHaJsQ8G21eCKeurpGkPMfy4E24LFNc6o6HM,27,0,-1
9p8so734ViUka9VPzdUjYRyNhZm858GPStypib9Hcxb6,57,0,-1
ApAbX1PupfrTqouQKsknNxYzh6gfApX3XaVqS6pvvkBQ,16,0,-1
H2BJktLbDX141DYFQDCVk4oKiYbwqv35EbkocRFVyGAx,10,0,-1
Eb7p5aXPR7RRC3izkBHkYCTz46Tp3xExqrrJSEUMgv4N,10,0,-1
6s1ExXqkFZHdPq393p11j1qV8XeDgGhvSZ6yhBiaND5A,29,0,-1
EbU8nQaQhpPp4z8nQpTr9rtViaY5ZGobez7axGptKwfx,10,0,-1
7HERmVAUWviCwbd2darKZ3VnZQAEcPsE5q1b8EVdjHBq,10,0,-1
5dr1pX3EB21PombDuhgHZrRL1YWftzte6b7YiskBsRDu,10,0,-1
AYvzj5FcMcSaQiEZUcuw3c4qsmoY5xUGyueSMTMYk89f,10,0,-1
HUVoAyrjPXuR5qdUhDACFna48QgzRTRPCV1xSnFkyDDb,14,0,-1
HxzKK5i3o5WUecoG5fPeb8bfXQkrF6HyYAU6S9DZ5yZ2,10,0,-1
2Dk9wpqyVs4yFN3nxgBFyG1p81PJCoTFYEzffwwRMJUB,10,0,-1
9pS1gFTWKqA5ZuEiJ9LSmpK1MGcS4PBs7kMyxUM2xV6J,10,0,-1
3JH3bjJsG2oEVBw2zo2MAejy7ur2MkhyM96ysGA3W4T7,10,0,-1
4KZCQGskE2dDTekXmeGPNHyiHMjJSAbKhuMudG1uU2EH,11,0,-1
8HSFzAqPEMNC7VsqjdKxCvcAEKwtUB2ZWRzq13YVrULX,10,0,-1
93MxqvDvCdzQts1QpkAWPBj745rAVXqfAEyU5JvvtAj8,13,0,-1
8tQexkwmhfY1AswQpXWSsaQfhbRn1oYiNzoE3WLL8Etv,10,0,-1
9SpCKjemGLUhPLPfKFYBU4tG8dRvyZ8gFK18C7Zd2wuV,15,0,-1
HLmix6czmTffrEDH2A9aZPhoSBTigymv6HYMt49GPsYG,21,0,-1
2Um1AxaNg5D4mCY9satx92ZrcuPivszW5ryEKQX4TQgE,10,0,-1
Gc83Y7Zw9jQF69gG889hcgLD4TmCvShjvEHaF8gBH9am,10,0,-1
Fwt44vRQZRz81kxEgho8EGCnPNvsc4YVm4h2KvpsHDVD,10,0,-1
819ZLnN4WcdMx4Chbge4G9FKqCaMJJA7CdKLDV7UZUKH,14,0,-1
7QTtR22H3a2DFEsJ599GUJ2dFJpRWL7ZvyeeKz3HbipK,10,0,-1
H5nQ8FtaNpMmvAYVqnodTS6zkb2CRTipUSUvUQyRfbJ8,10,0,-1
55KK6sjFvPjFJ9PKjFmVmR5pcx3sqUAmivEQG3jKR5YQ,10,0,-1
7zbq8K1Mk9c3Q7dYgkFjyLjN8qyMZJN996pnSM8g5WjP,10,0,-1
8tK2wrpPnU5UtCzkh6HmcxjsiNq4gqJMdNrEwgxSc8WA,10,0,-1
J9pbrD569JYAeqb3W7grMstkzCCkNBy2jSFetRBc9TYi,10,0,-1
5xtpbGzC9Y33HWiiwoNbtobvbB2cn3fziGPSBtM1bAxs,20,0,-1
8xaXpmQr5cJ641hqLSaBDaZ2PKkT8f96VDXVEBQjeUgE,10,0,-1
BNkhucybJDM47HWb6Jq4WDnjDKX9sggwsrtMDZSLn1u9,10,0,-1
Ec7y6DWjW4CYQhavrUuDiK2zFS54XXo7kxEjd8f9HbLY,20,0,-1
EJKTqNn5pq9WEFAapQgU4c9DSyc6tT7gmkiUNjBMyjLW,13,0,-1
4PzuTM9g9d9LoNcNuzrALALaji6GdZ9J8rArhmJh62Zs,10,0,-1
ANmmgfxu6KxDb5cRfiyJYfdTkVSC11rq1C3DHHWnsk3q,10,0,-1
GFrX2Z4z6kqZrnH8uisXwWJ9gGmx1apgUozBV7Be5UDf,20,0,-1
2jgBoPKc6V1N1QGgduNdq1z2phvd7PdfE7RweydGnyT9,13,0,-1
FDEReHnP1eG7T6oz7kv9gqCvjnvcHVeSLSsgMypqgPko,10,0,-1
93DbxtxWNNmeqwYVwp4d16UFBypA399DtayrUFBpnq8M,10,0,-1
vw4ZWTu5fZgw11uCNEdk3PQStcsXrmEXBmVCA8LkJcc,23,0,-1
46G7UjjQJFWWFnv6SVFQPgDWwv9dbFdx8su9GHnCd2gM,10,0,-1
3YxQR31nPpRia5uq3Gk1P75DdLnuV3va5SkEH5dLLVfP,20,0,-1
2TpPbuL1MoqFNv4dj897CRi6N9NGZyMVXHkXifeFsvjQ,10,0,-1
9c5dvkui7nuYrxG64ptaJ1xPt3hBUqZuxJV2A6Mz4oU8,10,0,-1
6u3Hs6okZ2i5tVRTkBEpEurVgsk3JG11oMVGLp62XoeJ,10,0,-1
2XcgAijmYJu6hBuidqTs5zDS5AmGPgtxha8CcnsYkw7E,10,0,-1
8hXejYS8gj8ZNgaXfaD91DTd5YaCyaMS2FmDfUhp5452,10,0,-1
BS9QrNbWk2YFDN9q32HRrkJVG4osN3Gi7XVSEvzgSEoF,21,0,-1
7iq1L4dDGagPpWMQBEddhH9Z3fesJahhUc68TWVSTsG8,10,0,-1
5xPFNsbvSFUpKFyrDxjFpFxRtqLRx5L2FtW2PPg8xurD,10,0,-1
CzdrqkSQ4bLjSnKY5816s6kKzHhHCRCNtExbVtym1dk,33,0,-1
DvYQw74yaEgs1YZNm5DYJ91NSKrWGh9dZHfhL5P2gshx,14,0,-1
6FN6nJT6NUArPKq8yKWTnnMPvKF1hwHPL56YqJX6MmB,30,0,-1
EV8QcqL9WacA9oWFQrVFqszi39bBvHwSzjkt1BZJM55z,10,0,-1
CxzVGkhHZFYyPWxgV3vYQZzHmQanMfNs3kEhb3VWQYfS,10,0,-1
BaZPPBo7HGEafQv7W84BvhuQceZBqKW8NX6YBUJmA1jo,10,0,-1
DnSWoGc76pmVD5sDmGULGshENnZfrDrtbooFjVscjvug,10,0,-1
57forzJiKtWz47FkdG3ErZY19WubtS6Ccjf7bXDEMgMC,10,0,-1
AHPBym22bNyGDu5qKSsHtrQLmYdS3Q6d5MrQKPgyGdfX,13,0,-1
HFE29BA7eQsMLbx5oYynE8tUsup2xtK7QfdTVeFX417Y,20,0,-1
GM72D6sVY5s5DruNtbM1kE4rKVH8KaJQPky9SUYcB9iU,10,0,-1
5HybzfD87sDty2BubUrZCg1ew96j4PAtNBUM9EuppMNg,10,0,-1
5bsajJ6554rpbPzsHgttZKdJdbCcDStLGQjfb6XMkFBe,10,0,-1
5jVMw4bwWGq3NurDHChWJCEZuWVTf4M4NEQL8TZftx6H,10,0,-1
3WbLKKN9BocENWT164QNUQDW5D8P5VZAfg1jDHr9qygB,10,0,-1
DXznsbPzUDCgSxsJ8rVwjMnnx8zpu9eGd5E1m9KR9THK,16,0,-1
2oqedr3LKbMGzxZ4R7YpKDEJzJRNX7sTZZ7Wa5GhEJCA,10,0,-1
2NEwJVL4ewhNsNfoCnJvHz7e8tfgdH6Yr5pWQYP9LQbN,10,0,-1
4gpTgAd2nh7ngsPGUQw83bSZUXbbUaBAcfeUiyxqTwNK,10,0,-1
78aWkKHRC6PxM9Q3wrfTsMa9uU1QtEFjchKLh93QV7Tg,15,0,-1
JBEnAUQUXzh6yMod4AoFjvSDLgRFrxFKJb97xNaRRb5K,118,0,-1
F32GRxh4mBL83JcD5tZHvJECrh2cvyUTyh6oUDQgme7M,18,0,-1
HnugCfEujEMfFkrQHMfiQzeGtrmY4Lm5b3S31y17q5BH,10,0,-1
5dgK3ZzQKFALukzjn8DZjo74bKMsLwuqCpkDeBAt3XpZ,20,0,-1
FDVQtdZxpcgMvDEn19JiyBM2g4M4uW7gqFn9qJsb8Zao,20,0,-1
CGY5uC5o8sdFvSwhqF1EWb2WZAYcdvCSasxvM9qQoH13,10,0,-1
CrpS8VjMHKt83PnD39d6o8Yt5am85V1KPcQTLzwQUTqL,86,0,-1
AhHRUnfhR7FbPn3dcFrQXY7W5E2CMHBCfnhi6ENB7zUZ,11,0,-1
7rJRRJ7AUNZrxjX4os77GEYVZcPFu66GjfnQnopXu1Y7,11,0,-1
Ad579rG4GQAydvBAw4bj3hPe5ePWFEfpueXxgsg7pGnC,20,0,-1
48UiKUMumWnJJ6U9VCeoLnsYLxM7WsXb7Pp4ZbtoSzU2,11,0,-1
HD7UervS8oeaCbX7wnJmFVT7qb3xsNUgz7kkLf66EHu7,19,0,-1
FxDPrfwQ9RusbxwLjdthNCsYaCmfYvGuv6sRnJEihCRd,11,0,-1
FzyXBPYmPCgdADpUujEjvYifX9WQgaaevQ8YSPyBuEYU,11,0,-1
5VHSyWtp7Dh248LTUY977w7uK6A1Skgs7ANbUuXzL4N4,11,0,-1
7mWqNBFswzdCTS5XqF3fAuiWete9PajzrZhjBCHvZ4sg,11,0,-1
Gn85s8TtwsXb7oit6B62XS2hzL5oJKSR8EQuqNxtci3N,11,0,-1
82izyiavW4FN3eX3nUht1oigjbTTRgosg8e8dGkMdzAt,11,0,-1
BwEcmxkVqe5HHbhYbKnaAJKac5i3cw5pbZpsBGTELC2d,22,0,-1
9xS6DeX6JgqGgTTmseB1X5yxw1512JyMca6guHaLhxuF,23,0,-1
8KTkfwYwqxP4VmiSkTpZQfK8w8tuVkSKDikk881qrg1m,11,0,-1
2XG367e43Pxu8Z19bCEqKyHyLqLJp2eyRh3feefMWKKn,12,0,-1
2JRNJpY9nH9QoWdGFx6brhtmkDhkbLaUzZ3Z57bupaoP,19,0,-1
AucqhFEnDhxJBVaw83bkEEHypJ64Z2cvduzNoSU74he6,15,0,-1
CMaSYTPnfp1fnVekRVG5aDmxv4bwXVDrtJwoEYrd6BGT,23,0,-1
8wcJrnagG86jRguncHvtUWujtsU5nU1bofdqJrSHFA1G,12,0,-1
FeNAw1EExuz36Q3Q6jwoMmesGPQ3vAcPJeVigw7UrGom,12,0,-1
4ZNKNhWRqdzxuhDmqizY2TZ6npVK2XsdBw8779fND12k,12,0,-1
CWHuQeqqBjcCDqgZxHq3Wwf97WomojHsRHQZntA8aGcu,23,0,-1
BooMhSiaDSwiseLqwBn6GUjgFA9mvARSSFUBknxa6hLc,12,0,-1
3AVF4RAD3Mf7bLPo3YwLL5cAcPptaM5VyrTT5VjQn2kx,17,0,-1
D5DXoscDmD23wMVtGk2nM9FzyvTvVNUdhiN5SBTfKkKi,25,0,-1
ErqvF9Dz9oKvM4t6ttGq9C1CR5mD5vanmyZ1kdjRAQr7,13,0,-1
JD7pcRWEDYc9V6EatciuL3m7SaChEeTUtqNRiAMtZjgZ,32,0,-1
6yWqFwKGrGXRjGPQnhyP9VE8rEv9CPTyWC4SKEk7dTkz,15,0,-1
6nXvvshTs3oEQk4oZmS5m1iUvSUK27v6E18ShGsm1VnG,15,0,-1
JAbcgkwZouF636SUCyCukRD8iqetvWMjVibfs7y1Y2Rn,13,0,-1
5miWPjy1W1xxEXNs6MnMKWkcowwEWQHGxzynDm7sQ4Jk,13,0,-1
CPTjRRbF8zdvhsvxwEtrPUkY3yUuEG4ZsHAn9pEBGyb5,17,0,-1
9sKLdpdDEfjd16m72W4DaAq1yYnNCsB6FVkNqkfGJRuU,30,0,-1
3GAxtAJdbsgyANPTizyZPUpj877wT8nae5BjLCbw2HiH,13,0,-1
HToSgbN1vXMgAqGsFMqr1bdbjAM4m5jknB96cTEF83kZ,20,0,-1
HmgZ6tXt1MCMdTeSTCTFSMYUYRix5yocA1nSCj9hiMk2,13,0,-1
4uTGrR3okhEG7KYhozQovwEeRCHAeKR9f6zkrSxtURCx,16,0,-1
Fo62SWLyjBdL9Mv1rwk11Vj8X8A7oJR7hA4uryhvkRkT,14,0,-1
39ZHvuR1xtZcYj7XVdzb5Kx7WP5GJTiXPxpXK1PRuv6z,14,0,-1
JBhcgASr953Yynmoh95gKxBG3MR5b2Zg2wL5iN7bACMH,14,0,-1
AR7HU69d7JKm24gGjjkjjqbZu2Tq3gNwZpBZJDG1GVG4,14,0,-1
4YyizBNHAu1QR8JaWcaysTvdPmDQGkeonsvf7sMcd3dA,94,0,-1
2ibiXo3k1Ek93LSW513om5QFCXULwtGLCfvYY2TJpVsG,20,0,-1
BNF1uzrS9XUyjUYJ89X3QAhmJZLU7GyXXpMSp96pSx3X,15,0,-1
9rPZkFPCixVB54DwESq8fswZ2ZiNvJpojMM9GNnQrDaa,35,0,-1
8X5cVZUNaAsNhFGm3dW3GN6FP2Q4LMaYy2hhKNvAPdYn,27,0,-1
NUeeAbQ177SCkcW7JGPMgY8GVpmu9VX585wjrXS23YX,15,0,-1
7fuNYuMFgcMdjPFmbRxJ331AXXCPCCu2H7awiY4AATUk,15,0,-1
Emhvrh8Kvb2SD8qfWDK55tAdErDF34JCJsNEfuuL5xh7,15,0,-1
yFxaQgnWSRrFKEd2dQGGaxcRQVNmYSTvneqXcnzR9KW,15,0,-1
CxTU6j4isqj5YTs5xtt6KExELJRD564BrRhi2CQipBfE,44,0,-1
6uR2w5hMPyFTqB5BmNefqtJJ71ogSTeWE8FdsukaeboC,15,0,-1
GPcEw9SaX93NnWy2vahZGVhG1vJ96pPDvtZzDaMZHfWD,22,0,-1
5hrg9LUKdptcd5cyQteGat5nNjUoCkcg7ux6rzPqcGNd,15,0,-1
F3XaTYfSfTCMyDETBaKnP5ZQQhszuRdzXfuJAN8QLpeq,25,0,-1
Aew6BnXvXW3vv3PF5kgsoETaiwdymxUXsvMwzrd58ehW,15,0,-1
3TDBK5cVncF3yAgjdCsH3x2Z3wce4BSwo8669V9naf4d,16,0,-1
9oxtAZWRErF1qh7EmY8T4pW9b6rqid357xjM7dRYVgH7,40,0,-1
GexXTUtKYC3hTX866ctTu6qbb7tpiqVVjqkJyhCxPgQN,32,0,-1
5aQnSePTs4EMdX3PybnPNdDrjDXigDZwuHXXXaca4gEw,16,0,-1
FnoNhBZCxyGu8bzyQRBHYw3TW4yKqPpjDZwTFPEiB8Zf,16,0,-1
3o5Q8QEaZEzeT7xMsB6odMKiwxoQJXq9pxhAiiYEJXDj,61,0,-1
GEk4dh2ui3eWNvUddkY3xbfQb7igKBTBSFHN6vqqw7XL,32,0,-1
EKgSgnMJbnJLHwDQoBM7ytgp6HwmZ8qwgKnfNKUmFoTZ,16,0,-1
HHeKS48ELVidxusKvZAHFqRRGZsPdboHDZJfLjEcWXYF,53,0,-1
5wdEGUVW2uJTPYVT2xR6JpQD77ZpT9Fw5627KsgLddAf,17,0,-1
HfyT4cQqE35CceicDRL5d31WFSgV74vKHtM4uM37wSFN,23,0,-1
57P7jZx8xsAbNPfteThjCs1LaBAUhJdYgAuExWUUxeSD,17,0,-1
6wfh4c9YdvzwuXAvUDuYbyHg86man73oRL3YySQF8BHz,17,0,-1
EGFQd5TVimekkPPn8ofDTzpYoSkamdcYWThEia9MQYFt,18,0,-1
FBmxr4XKsku6Ua4wzBFeW89VpgvrnKwukFT7n8tYuNXu,19,0,-1
7XeHSQbHvUmqwuQFgJqK9ZkmAdcUF64JbmJuVxdxqE74,24,0,-1
AMdd6Qaq9JRHqwYuhkUKhvnkNFBEmnja7mbgLKUGck11,18,0,-1
AKuWmufZ8Q4p9sLsZM5Cx4cQmJWZkJaM7PbssBphz6g7,19,0,-1
EVLeGjAYmrnU2AHb3UwsqM5NcS9re3gtYGEG9ykbTvHv,19,0,-1
68Xuqpz79v235qxZ6mKF883MaFJhBKyXfjTHhQr7YwRv,29,0,-1
7utdyAzAgS4HHBNQdURpz7GcWH2H4TELVrqhfnAEG5e7,19,0,-1
5tCbVPBySosq9faD6ExZMHoGMVbnB4Gqh9ssEw9aW7CY,19,0,-1
ArSR5L1zaYxzCYihfXT6tqqXWe4EmxnhU71GhPUPEQoj,24,0,-1
292dM7Eujnqfx25A6NbWik86k5eRjEvASxhmwskohgHQ,20,0,-1
65vtz9zJM9JuFESgNXKqrLBroPaJy9MaF636d3czdxw9,63,0,-1
FTrH7Q3jJ2gkPwvpgR8KDGtmewRbB2RKBeKYaZH7hiNy,20,0,-1
G3vHyY1NKCrsZJWFFyvgaiMffo4NMGbgfw5FEZEfavhL,42,0,-1
A6hYZFiEN5R2it3PrcmqVr6G2EGZuEii2VCgMJGZRbC9,20,0,-1
9SCv4hcaobtPoMbiPjb96JF6eGPH3feJc6gAFxbmeawk,23,0,-1
2SmRNzhrJFm3ku7K1MiMX3Cf424S52qBFermv5adh1vh,30,0,-1
6mg1gj198MchdMx9xn5gNhbcmWDA4asvAc8ncqn6EfkQ,20,0,-1
GgZEyQbWGVwnWmdAbp1sNho9kVZV61zBG7C5aSK2KPft,20,0,-1
GxaSV1njgopLwoBquXNvkAwVGTVWr9hUEKSTUK9MnVRp,23,0,-1
AgeJbFQUE5bgyDzbP5N6u1TPvvSJvoDRbiP2VG7GGZtv,24,0,-1
CzwS1FvU7B7HFefoarSf3vbEKtEesyfUtqWRX5QZbnBb,20,0,-1
259wdRebc3BFVVtZQRr8dBTFTFpzvncJgUaqmXoCFLrK,28,0,-1
Bxx6JMQeLx7cNqpczxjmpnEzGbEzYfNeHkGJ7RzPFABD,25,0,-1
DbaMcdueDGdLxUWxPT73mq3cK4fkjx9HLsGbQHa1DByv,20,0,-1
NsxMFtwHxhdmjVU1LATJhPXFDaB4qEgM1dL5GPnFU1e,31,0,-1
7MGi1krXcmVpw2LiebrNrHFkAGneVLMSPzVJhK9Sb9gZ,27,0,-1
9jxr6FmYGZb8H1Tt74UNnLnEM9GFX7eSxAAh2FvGkHX1,20,0,-1
2ziSgeRy9F8j2hqqxnHirdjEuMVtdnFMXNBBxchy6Dwx,21,0,-1
DNjzkrvPArDodHA8uCKc32ykmsdtLRtnZ7pPXN2g8kuY,20,0,-1
ZxnKhTUKdaehdX4KWFP68yyp5urZS1SGB3SgXYTS93E,20,0,-1
792Bcs1ZBewM3h3xhtCZGJGosVA76WbHHqojAoPGsTeg,23,0,-1
Hd36wSMHbf1ypDmK3MLiCeZkiWDCrztCyvmxkPSaAigL,36,0,-1
dgfPGyX4W1kngb3qGKV34b5swSpe7GytaiTL6FX1ov5,20,0,-1
8SqcxZibqPrFc8BrPrJ4QRt7KsA3jAxPv3hsu2NKvF83,68,0,-1
2cMhvtdgrBpYEBs6PHYRnrWFi3vYXoSEP59MJyEBeG6N,40,0,-1
EAQjQpM5nxEaKVBaLZnvpUhQhvfjrHLJ9ui53GaC9GPm,20,0,-1
2kE74JXy7gZMu1K3CD2JvneHBKygV9QHFtRD7e8eTSg4,21,0,-1
DdHenciZ6MzSfQU7cjmxeosruoyFSdx3QgMrTdi5s7eD,20,0,-1
A8rVrVh32YjwPkmJrHXc7Y2nMo4BAtqJ97q9eeSVLu2F,85,0,-1
AoucDkZSQUVosXzgiXsqiEBf4HCGJa25JQJE7vQiubVy,37,0,-1
4H35d3jZnPaoG1AzyjF7pSvANRrMHb2X3VTpuvqFqafq,30,0,-1
AJZrXResoeKQNUSExic7VrRk6EKHSHYP8oaFDnjknWo3,58,0,-1
92LYkpb67iWKsBrYq3VKPjZaH3cXxVpskvujHRkHMhn,28,0,-1
8754QnqRmiviZPVkDZey7xx312P74iTXg9yfq2E8wZah,20,0,-1
ATXepcXdmgLBcjBA5dARjVaMMsK6uDRGYEMZxDzDHAFi,30,0,-1
9reHJQXyUqL8L4NuZ5sAu6UzxTVVLWFphsBJKrgNr2x4,20,0,-1
Cxgm1gdWLaABLx8Bvc5B1bDzk2yHWEA6aDE15Ev6dmRp,42,0,-1
5q6UbdoBbnX8hcyJhdNH7zvAjCTY84iPehNG6NYyyY2P,21,0,-1
GaA9EjLxp1CxUS6T6hPAuNDkKekHs9TjS2vpjXeiF5Eq,49,0,-1
65rodkBBGSkAzn1mCDoMJTqCSM1i3TtbKH9YNFDvq66b,25,0,-1
BaxqTGxZXmisKofPFw2cfkULw7riGTdsd8qeeWENuM3N,22,0,-1
6nup2XoyXsXsQ6hWsZaK3XC3Vo1fvZq3AkVEXvJ79sg,107,0,-1
2wFsj7yWZt2yz2i61ecT4FJpTCxTeopsEoKikEohmeB4,23,0,-1
Hv7Zp6ztqGyEwrC6xMG1GKce6seKt2h4CrpzQewzk63p,22,0,-1
8xYVTni2A7MrdVVZSALce1nLx7pii7U7E4BEU6d9jxXx,22,0,-1
nXjoxEkSJnNJfmENjUiY8SsSi9JWqn7fb7fp5HztSXY,39,0,-1
6RC9aw4bdjSCtDsKKzXDn3nv3bSs5Gtzo9FdySJJryQT,22,0,-1
FwmKLJ9HSWv6dk43woCaTa2i1CSpgchogWaRa5SL5tka,39,0,-1
AL3Pdqsp33tGKpQrvR4vPjwM2u92BH8mvHaF8j2wKBHb,41,0,-1
7gwDdz1HjjPf18zmf1zHemoKP2kx4k3WCzvzjARwhFLM,23,0,-1
F7oYXKFV39D63gz1J4EgRpbCzv56p5nWse5Wm37v2QPy,53,0,-1
75jm6FhFyfjeKQEZJFVsDMWJoMMV2P17S7X3QjcVy8Bd,44,0,-1
9dhUenwQBUCa7uCBVo8MHmWtXdLG6F5D5bmDPQFXCLye,24,0,-1
ExgCjUT9NrQfs3mHZD7Vis7LE6fbDwhuhn3uPKtedKqg,25,0,-1
G7S7zQYicujkTM6rJ5mCkQCRni3eC4aGtsCYTR8zqiUR,24,0,-1
DR1MvW7VD1dtnzPBT7R2nDg8r1mxAostFNf3N1uqEWE7,29,0,-1
BnimVe44DuohHUuHeEPBUf1garLEDwbAUfpJYVET8BXH,30,0,-1
9YwhuzWGkViMwL1SgF2ErtE2zepTyNFaZvDA6ychjGHZ,25,0,-1
4MfnCTDNAqJaNpSKNqSN1RBoBMnKfoHyBzeKpQoC3Cfa,35,0,-1
3tgAu9rwBuRXrS3zkNC8pfS9Qwa5nb8US8Rc5qZauzA2,50,0,-1
8Zd2vvyVVTcfMsH7SQcLvSjzTs6Hn3XNSDm9Q6HwG75s,39,0,-1
7SqdVNCjQTErtvaUxHYVCfVEWVa6Z8Sr9h6mTKzZUKNd,28,0,-1
ENcq4W7ABPyZpuUcY6N1TGPb1uY4mJ2wsy6Dte28qcCi,30,0,-1
5LT7nZ6uTTKTThDs5QmadbTb9NqGsh24xz98QoAuyF5e,28,0,-1
3wv4ErXFTej24yVZXYat7zyBD3cKqPgmpwsXnufRDwFU,58,0,-1
DoyMXnonAhFxQd8WrQrE1xsBr27hn5V8KopqQueBNxK3,29,0,-1
Ch53RTov8w5qpgPaeSt9paACYM8woqNgS2ehduaWznTH,30,0,-1
CQhhzNxjGkgMm9HcoAHMjVCZRaLXEP3Ct7h7Q7PY1EhY,50,0,-1
7DTsm196Dn9rky1LqEiQawaavSEC8cKJiey8fo64BhB4,30,0,-1
Ga41QzRE46EVcH4XhwvvfdDe8ps9DCSmbcDsceanP9DU,31,0,-1
61qUW9iqNaeqqPgQVXm1uEN8C9RvubeKSdy6ww8qrWq9,50,0,-1
GGA87nydBhjNwPir6thSoy7nRutWeSCAEjuGfZA7N4Lj,50,0,-1
8X3tt8giag3AA6reSQV3kVUnvDXinQwXEjUsdsDWTgJW,30,0,-1
Hya1SqjWumCn3Jx2m3eXYEMH7nYy19WEKn1z9zEkHdSM,37,0,-1
DWeL1DnXFAiNPKxAygkgn4Qz5eqHVLFynU8QfMLGtmcx,30,0,-1
7zsccgpGgoidGgumJbrkUvXAqmrFa8oEMqgbsvxb1cit,145,0,-1
3Z9qQJkmysCfMm3QuRzqQz5XGCrduhu2dShq1dHXLvry,52,0,-1
HiTPsMAvu2c5fZ5rZiNDsczpNjd5uazD5HpcGTshMbqd,50,0,-1
J8o9rqGLQfi9RAWbmUvALN9kBAW9ayVVr1MiMLwd3xgb,65,0,-1
EsdB3k28w8B2V9XbG3Eb8rCMseqfBoSAska7t85n7d59,42,0,-1
GADsZmxbCMJs4fYL4TDxQr1SCsH3f4VnsfY8zgrbpdwe,81,0,-1
J8ZjBPg3H4jT43xzAjb7ZMRxaZVMde5dzom3CDQ6DPwU,34,0,-1
EsBizcd6Eo7HWSNjFPywCNoF8U3a5LSC8PzjTyYwNdBh,35,0,-1
3aJca51fnCvMND7zxRJrPTVMJziXKKsRrDj2nN6sj979,44,0,-1
FunE84BqYUn8XjELWb3EuHhquLMasfo8Urm976muaWx2,69,0,-1
FocMV9BA4857pzrC2o6C45ZUE7ygx62aPoS5bcauL1oy,48,0,-1
3hMmP5Ue2n9EbMjnz4Jg2qfA5oNqR8GDysTVxciMHjuc,35,0,-1
4vpoB2FQRAskAhon4CJXKoBdxCvGNCrhKrYRvh7if16x,37,0,-1
45SYt3ApeEB6LWFKMzkDZ3gDRd3mtnbY6URbvC69dCDw,35,0,-1
7Q3M14nD1aBdyX8eG6GyrJRUETZkEpTipqAvNuUVLpRm,40,0,-1
5ceu4f5hqBZC9HAzNp6q5JytEwniBtimk28o9UvEyN1W,103,0,-1
BkFg52dcWExeCjexDqJoMCorQiSQnnaFABBME9d7Ysti,52,0,-1
5rbrG4E1eBjHsZ9yd2x4FJN6jWobyYTXUgfjpgZVC6Ho,43,0,-1
3V46Bp5Xd8CMgCUVJjCrte1rYAuJWwFo6CYCXfuPnmnN,38,0,-1
qZRmNfms5h6SGnrNjpVZHFKJ2WW4bgga24NM8bbPJ2N,50,0,-1
8LwtNMDrededv1G2CLpxFA4REwPUoGo7Eo8bFt9etgHc,72,0,-1
5P9nfbzY3AY7VfYFXMhWCWNfHWXSfaB18tWdzMp8Y157,38,0,-1
6oZykxZnWaWTUM2ScDhs5ibYgeqHw7mU1bHsZtVy7CNy,39,0,-1
DZVoRyUaBV1FdTensezi6Q5zBkd64UaKzg8c3rdEbnXM,40,0,-1
4K1nSaHYGA7nduuo84xWduBMgMbQKrNrov7sK7mmHEtA,40,0,-1
E1KqjmVsTkZQRsAhG1HNLJGk6V4Tua3ZzLhsLjXS67U2,44,0,-1
8hbJB13TkukY8RdofLpC4qhNaqd2iRYifQ7YzuafkLYP,40,0,-1
2voKCEgJoBgBvZg9sQGGRHC51jcJ1fzheif7uX9W8s43,44,0,-1
AyohWebfHFHg2dmMwuuBMKRXFHTPK1beHfmddv1C72rA,50,0,-1
47Kw5pB8o9hcptAaEPtKKD8wjMFKKmX2hqqQQ6VFKYdj,40,0,-1
CqcQuvuZqUz16KMmRKdzVoMG7nGfehoPK7vvascw1v9L,40,0,-1
WQmGLJP8EY22PgKRVcvETe5pXKQpQU4pCUPujdBaYEh,40,0,-1
FY7KJAdg7rcvTrK9Ztcswq7BA3HQDqPgehsy6v67nKru,40,0,-1
8YhP1Abxx9R3aKsN5zwi3YHNPK5WVLWatKaEs92qr88a,50,0,-1
6VcDeHESJXEe8oGGZBQCKmj4oDbX1AuKrzkyYbMb57iS,40,0,-1
FHMxsfXPNsnrQprovrEAV5GBLnno99cmswXCU4vnqNCc,50,0,-1
AokjvAQMRH7XPhCGzKtY8GVjewxTABLs81s7jzfGuGp5,40,0,-1
BLRTtXPM7ZBLqYDWF4yLnqopXtXK75GdkQBQAiiEdr8G,41,0,-1
PKVi11CmXgw2Y4pCFJoaTPmDNXeKKibMiMFMcUjVVW7,41,0,-1
tDowYoZoPbGN44nKKnDqMh4DD1G9YNJoVTeZ4vepWJY,48,0,-1
BtC2iweKkBiXLpcxkK1CfxaGXv6P8souHkvPwUz1prK,73,0,-1
JBqfupGFwjhY4do5oZBT9jvfHRiofPy1TNTEHP9YXbEn,41,0,-1
ALpxbCCjRExRes8rhBaj6CPJS65Ww3CzDJtsjVEcJcFj,42,0,-1
5Cpo9hWHBef7Q1fG5U6v1FRewWZ32BADaQFk3tUyPhqD,42,0,-1
BsgFVpmEBB3Ps39aNQJPXt5mndbEQ7aP3fLXNRL8BTxW,150,0,-1
qnee8vMCCLX6MyXVKZtvDJXnB1p12Fe1xboP9kF9jqZ,50,0,-1
Rnz4CNq4aQndkmRM8NLxFSJQoZaXGP9oYbrWtHqZNqb,77,0,-1
Dv4Mea9gv2U9vdRJBFoJDH6KHC8mKhvsGLruintzFiTG,100,0,-1
Gcw715QufAj1LKiDXcKWrwMN8SYWjHVCMKGwxihpojsY,96,0,-1
GZkWVcXxXwafjovAXD6dK3ZWuQkQ8bRu3vB53ou8orPw,49,0,-1
DXA5uUDcDyx39YwG62ZTmSmaJUb83yJTHMcnGGy5V6tC,105,0,-1
HuYjAMvRiFjSyNxjrqtpChrHU2pjGSupZSRQuWBPMUmj,69,0,-1
GBWJGoXc7PeeankA7mkZEy8kjLJJyg4Rwwiczfcu6A8R,50,0,-1
82FPZDC5xPJWMmCbGnyjXaUnDP1dcUvUmU9MpmZ1Bz8o,50,0,-1
AfGPxDwpETpnVQcvJzPS9cNGKYMSK2omdkbrp4na7Rq7,100,0,-1
5WWeaWo4vDq4TLGLj64gHBgZ3zGcLJgJ8PuR1X8D3Dpu,214,0,-1
DgBpNq9AAPz595FsYTJkx5ohw4R2H1aodqRbQCoeZjAH,433,1,-0.2535392609699769
4jioN1wAQjPuY1qfp1Ehf7u2PPgYyA8s1MgVXHJ9isVv,215,0,-1
saurwgUutdrpYKnkq6Xw8dhfy3FngGCprAx3NbjwCvk,75,0,-1
FfLjxucAgsSCCEK6G5yHDZHfdPPEYWbZhcvPst5VNLFJ,59,0,-1
BTiQHYpMXwcnGgZGtAoGopGekQQqMNPXf2xJURf1whfN,144,0,-1
5bX34x84ZF2ZKaCDBTTjxLwjdXghHdaJM3Zx5dkmS5mf,110,0,-1
1wfnqbkB5oduEMc3v2bmWtbUjLArLwpZ25utf9Sy2ho,120,0,-1
8FQiCnYMqLDXrvzhsZUBzzmdycKBS3dSczQ1k2N7aNnH,80,0,-1
HVGRQ8UbARv2zCoV724piqooCwzmNeW9DEGf3hdofQpU,52,0,-1
HXihtUTpQapQpp9a5ZdJihLSdZ6mwYkBKtvPQqmuiGS2,52,0,-1
GHpmaYCQpsHdia7qJLzSANwCXjQGhBaqrjcJkQF1WxhA,54,0,-1
8ncpESGNtmB3bX8wMCNU5SpK2nwEbjqxoybXnBaCE8HC,55,0,-1
95xpH6fUbVgJkQUvs97ofmZEPgy5sa6cEM3tprZ5tG9m,105,0,-1
HNyY369DNgJCsYMvWctKJCN9YKa5bfqRPBQCj76VJvTL,56,0,-1
7aiRcPAHrHkKMrBw8QDH5xsAhbqnsNac4pFxP5aFj7pQ,158,0,-1
9zewcKVWg3FYbxSeGuc3NLJqnbnVDLaiW1S4Y4dUgQTy,100,0,-1
3QdQfzVgddWCKijzxxdQGH6wgotF3PzzAmSsWLmiJosz,60,0,-1
G9K9GavZWgaUmKfwzSTPEvPEp2zMdayGRYLdr1h1QT6p,61,0,-1
EnoSrPrakQgtzcU9ioDX4koHKkLPYKC8FfHeP3RzpGpV,144,0,-1
BUT9zHC8NUvx88W6QHhJ5TYLa1L7VwXQ1JtNXCheizHW,72,0,-1
6haWWSH9fVsuNmKbseStNR6tgQscp2dn1n3nwGUoFAFW,63,0,-1
5Q16sqySFTX7sUM9XJkg2QUhof6iA4Ny8QhEMwfU197E,164,0,-1
VinMNx7TPsQo6JrzfgQMiAWnq5nh1YCh3hcbfAU4ELm,67,0,-1
8DNCyg6MgqXW5mqAeCDsjRxULAs4sLAtGBLfEUYWsMxT,345,1,-0.0631376811594202
4hvTZNJr5vLJrVGPtCFArYPZdULQUPbeMCDzvakEySA6,69,0,-1
A1uyhLPiCNLfUz4BZtyJ9XQYdGrW75HnTB8wLWmVXPm7,73,0,-1
BbKqCWBWK2tzvbT2UvTtEhdaMHuWUzCNq6YVC7vKrRQD,72,0,-1
Fh25PAuTWAtc357yJeW4EcUdTqMNifGUSzobJZX8hHd6,75,0,-1
3JP8H4mBgnn7z25pNmNEQJMMqvJnhWrXN3PDjczZHFhC,81,0,-1
7Dscy79zB22D4wxM96sdfjNxz8JNiwxx46vT5pBzd7oq,80,0,-1
5X9i45jCvkbRWjgwNn9777t5JxAtUKT2KKo7Dedw4Jra,80,0,-1
5ZW3ZHhLNrGr2LwBe19nVP7Ha9jMQZF9bU8CMykR72Wt,83,0,-1
7hyBwfGy6xettbj53jm4EKbfof3uvoFr4ns299tcxHGA,86,0,-1
CbvU338JBpLERFcBhQ9b69DiG66x4rmFKTaR1gKk9Lbs,87,0,-1
2NN5VR5UVtRY7mAM18cnxcJ8qXwqWFxLrF2J5bJXBJoz,90,0,-1
9ufwuARAjEjQLC917twDhddeYf35MdTKxZUpWHhSQDrG,115,0,-1
AbTESkDbZEF9LiuUdDA9GrM6ZG9F7wfLt2ponQoExGZb,100,0,-1
FXErP9N8GopqKEcGGiB4aiQZFuA5fN4qQUor3ouY7dyQ,115,0,-1
D9bTPoE4aPk5mi56TXeAujkZZkycSSvuDZ9AB16L6iMA,115,0,-1
9uAXdZk1pVzpES2r6Fop8SYePwmieZ2DupcsWTsveaVp,100,0,-1
GvFc5HFchFErzZoqdWxMms19WARyLPxSo2iHiTCk53tQ,100,0,-1
G1fUHFUu4gDuAXXXqHkgWLLb2f6DJAe2MaqMwWJ1zBqa,100,0,-1
FuJX6WxaUS4FzTLXp1KsRAtpeX4VoypSBDovYADpB3fm,100,0,-1
6N4aSMgp2bGjke1e13Whk2BYR36a4Q3wfuzu4tDouams,118,0,-1
6ctLU9CktV7bzdwK33zCm8gK73oG4RP4J75GoD4m1qSz,100,0,-1
E4RH5uw2HZSrG5FG35b5vCrgtZtq6vGjv6RHh6d4QQwW,100,0,-1
542t7VBdYcHvromaaeqdx8g7x8k5nPLeY3jYUkA7zALJ,114,0,-1
GvDXWqmJoV6tE6iAY1Wr49qrdfdpBY4xGGBU1AA5tMob,202,0,-1
BG7315czW4S3S2QjHhUePa5yRFuBdc5TLjitdHzRDS3Y,156,0,-1
3rwbhotUybqeUrsh4WRxtbaGEiQvT8AZ5btvFBq7iAUL,137,0,-1
6jJLRFtEwdgTLsKXDZwRTkcbpgZLXu4GFcZCQ4x3AWwa,215,0,-1
5Uibb12rBwU3u9DSbW4CDag1jjdRY5K2BYtRs3kiyh8v,134,0,-1
DdXb5TFHMQYToxRqYczLfMaTWZjJi5kf3noXcRsnhcyw,158,0,-1
8Hjkdxtr578FyfdqxA6LieKY8FhNNK9ND1fnJdiYsoZj,196,0,-1
4iZmmvi5j2MMZhd3dvEttNniW9end15PaeiWCzNVna3N,357,1,-0.09462885154061618
9vHPqH5PDMmNWCtc6wwfxfXNb7VRjcDu3xLE9biwU7zd,171,0,-1
5niqWAm6CcnGWXYUeBFguRXFrWAKpEXSe8PGPNNhKXRN,228,0,-1
GW1LPKgTCfZAFWRMsQgc24yc3LCLrYT7UjycqYfd25vv,255,0,-1
7Un2B4cgkTfkbtYr4LjsUYmAZ4KhyLDoTbdUtNob4jpK,199,0,-1
2n4PrzenpPB351h3gBNEmBAviibxGxQdpLRGEnVSj3pg,723,2,-0.10589903181189486
5gaWfYA5h2AqhyFSUa4Z4SwndgfnciVaBtfRkqvhhh8L,228,0,-1
566MpDavwmyh8b4bFzK8Jq3fRmFvg6v7soE2HNnLAdhL,2761,8,-0.06347700108656273
DJbv6BZr4mxyjinPVs6v2XbXwWmhQ9DWWVoU2B9ZDvgf,534,1,-0.3947237827715355
5cpiYGmyS5YZ6LR8QqQ6ZFunfFWMtUj8QT5cEV76b1pj,365,1,-0.11447260273972604
8Xcs9C4nh1tzR8Az3whJR6WzHZNTNxUsTnCVoi6H5ir,1470,4,-0.12049659863945572
6SDhYT4dvcAGFYRNfHookED7KExHNfZ2CK2ckidedWJZ,684,1,-0.5274597953216373
98ybsSAjoUyfhazGAjoQCfWhJzgyuDXGS8yEBu4wDcQc,400,1,-0.19195625000000005
HN4fLXn8xPvWisgkoGFe22JNNEuvjR1QwxbxWEdJh5P2,704,2,-0.08176846590909093
4KuTAGhxmDRKWFhqdaUJt3XS43qycg5oC2YCZooFGcAx,800,2,-0.19195625000000005
8wDGLsBhLyDox59G6mDPcjuqt6J9nnMPSk4EL5QzD6X9,400,1,-0.19195625000000005
GTwVujZ9sejk1jxfKvh1VyNMajqk5xoHfCGv3pz1ff1h,402,1,-0.19597636815920394
F8FjbEXtPW7S4dZk1si768fFCtRZBjPC3Wr27BLhBTQR,420,1,-0.23043452380952378
8EoJ4wVr7FLHxgpfpfjae4wepkLPs9th2rXiX7ossj8B,784,2,-0.17546556122448975
2caDHMvWxMFD3SMTjHepAU9Nny4g3BPiFWXn7KuygHSE,540,0,-1
5EA3cxJDgLUBjAmarLjHVkQgARshFS4ijpWY84o9uUTW,575,1,-0.4378826086956521
8fohEaQfWf4XG9LcXjk3ZBarxqH377nwiBtsUBDt2SDt,754,2,-0.14265915119363393
DYh6qXbj4QCohXHz74Gb6nNZaofqSbNn6DewriSj1MZD,800,2,-0.19195625000000005
48DouaYGyqtJdYu4X7xLrwDcjmumuTEmNr8w3S9gxhj4,1325,4,-0.024249056603773522
9qKXrByVS71e2H7LSoLqhYbaphp4fwdFAwskET3rBKTD,1001,2,-0.3542107892107892
9kvm9DF2J7veAMKEodJetDcArntSrbMkGvKxvpDCB7w6,1000,2,-0.353565
9ZSu768buFKR3yTHFc5KBBAeGPk8emWmEGSpHx1odurW,2095,6,-0.07431742243436756
CyJtXcL3BnqmKwTRALVTQRioFerrEARKQSAbwYzoq4th,2370,7,-0.045349156118143386
6forMTqtCZRo7mYfpSLy2GXazRgEHKF2mgXv8zR7cQAk,1800,5,-0.102173611111111
7NfMDR5HV1ioyXFQXyPuYmoD6Qv4s3vNaajnp4fUUVcK,5000,15,-0.03034749999999997
EofCkTaFXUjdwpQdbTnjMsZD1nqjGTenUGFsfEdkraYN,6297,19,-0.024752659996823967
2aP3zQQctdtQtMBiLuHkZBrSKG5XHFVUaaf6a4BvDPdY,6400,19,-0.04044804687500003
6WtzVWXgqAceehmJMhjEQ4um5q53c4U7uGu6MP9UeWxp,12000,38,0.023522083333333388
BDgz3xNsBVs4fFFYbauvD9oRA9wsp49y6dCNGzwYmYip,4400,15,0.1018778409090908
8vJ3GNeDFemGBZ9UtQuRwZ8wyDDUWyWKBRpoon54LMC6,4116,14,0.0993792517006804
2Y6Fr7SDqRqY5oEmZUf1qw4rciMCgfHB71kd28TJqrY1,3200,13,0.31307109374999986
8bTjRMgkuFKBfMvfCbhFRbNpMDdZMP5J9iHm4MUULAzW,11000,37,0.08718613636363637
4RATHx9UEs8SjF1gZwR4LUNTjhhHUa1pmWTtuViD82De,3000,10,0.07739166666666675
6QSQSUurunaQ6LsmmFQifUSwVj2JGEiasjRyfzEFgy76,2538,9,0.14616134751773058
A22kazisa4rsvUX8sjnfwzZMy6nQBTL5gDvEi65mcr9v,2440,8,0.05972950819672129
7nb8aXgVYBvwqRE6w5cyobGGJ2veVirjyuuo3EunEg57,1800,6,0.07739166666666675
4qWiB3p8Fs4hpZPzJ9ey6RzHfQhFsJ3BrXtVWqbMmrWZ,1197,4,0.08009189640768599
7MKk54ChBTcVpuZ5rLwe3y51KqBgGgKzLWzdhU2bLrpV,2500,8,0.034296000000000104
8PDnzFe6qwbrJXJWssT1P4zALwYCPoiTt58EFVkrYyfZ,1000,4,0.29286999999999996
7HzPi9JWVMeWRfvqrUa9JPNMNDBZA4UNn3NMqEyyeLWP,882,3,0.0993792517006804
CzrAADWuUhMy1qVKyk5yMNrw4VVnww1p1KtDniuZUENo,880,3,0.10187784090909102
xtRDQ7WibXJsC6ewoXCxiVjB2V8PRKWj9VxCzGLBZeH,736,3,0.31746263586956514
3Qs24dnoyksiMVM42c3bHyvisNmoocyZftr8AnRzg87n,610,2,0.05972950819672129
HMUbi3NkdZSqA64gj6m48AqLY1Apqi8h1fLmacMmxYAR,500,2,0.29286999999999996
3bxnUF8f3HUYmHh4evhdfvGkawb4K2cwNRsr76ogP4y5,505,2,0.280069306930693
5pAoiKhtYycStZshEGbpBGLhfMWrAuGncUWeWEbyiiyV,500,2,0.29286999999999996
AXYuc1miSAbSzYxuKL2qKbcpzf6zKoD5PGbXK7sacEk7,444,2,0.4559346846846848
8tCQK1amvotF2EZi3Bq4AHR9Z4BBMu99U3qRAUvbA7ty,414,2,0.5614371980676329
3bTG9JH95vyDaoQAtV56cc7vwBEzZ1oQcNbZuRkwRPi9,578,2,0.1183996539792389
9SVRQTuXJp7cFYMx3YVCDoq3kmJgkMH2jZ5ZrD4FB4tm,930,3,0.042637096774193584
HdbDmNKP4mKvxFcMP4VzJNiCoW52bHk4dUzWve6UR4kV,432,2,0.49637731481481495
14bS3WSTDz1xZef31GbMEU5cDrsuuL8wzbpb3kw18DcK,808,4,0.6000866336633663
5U8yspxVaJqqmpv4a9fuq2CeWHHd3tZsxv36g1dRjfpf,383,3,1.531729765013055
FspCE8JboVXrq1MUjn5Jssb7YJpwUXU6BFJgZctdJEjK,380,2,0.7011447368421053
57HprCTyrvy3c48dVuJPeTrMs1Srso2xfPeQ71FD7DNS,348,2,0.8575718390804599
AJs8UqZ1vnmN3KyVXBfBkrDB2BLrSnNkwVbn9AE8QEhA,760,3,0.2758585526315789
4qmsb51y2EBLQHdTdR7RiNz5GD4Vr1aPNPFbgYMVBA9q,300,1,0.07739166666666675
9iLrVLMSQKqQUG2KrgDABRuGBGXyEsWrhZQRzUju7Cw,284,1,0.13808978873239441
8qw5b8ByQ5FWmY8c1PHFEJMXBQwia4iSHhZ11y66115f,300,1,0.07739166666666675
b29LMqa6GSSnHwpyx5px97qhp4FdVRnpfLxK9186Bj3,315,1,0.02608730158730177
ErUUtDLk6jy5M34mtJkDEHDCjT5JFsGjoMAU7ymc6ev6,310,1,0.042637096774193584
HLsAxTNGDXxsX8N4GsDCqWhxxKq24wZYFqSJnsfQxvhC,255,1,0.26751960784313744
6KZN2hAhgD23qtagWCJtdHRvGE16eSE7j77FKNQt3j2F,250,1,0.29286999999999996
2krAv9SrazMzg1Fc68jR4rz23k83Mc9mEYNi8xacv2dk,310,1,0.042637096774193584
6e6en9tJFZeqh9nB72eh3Z5f221G6SWnqoRFNFBr4Gmd,524,2,0.2336545801526717
9u7QcpZoDqRR4wdxw3nEB2mRw4NsvNsoShzdtXuJvzj1,202,1,0.6000866336633663
CAXKxANgert1npZH9y9VXZWJb2VHeyYnbiQB5xjkyQag,735,4,0.7590068027210886
5u61i7aYVrQkHxYv6a2JVxmkLhdRYWWTdTUSKjz8Je69,700,3,0.38521785714285706
DMXC9V9NSZHarHrrSGpjTaZSG2gMYKVtby7akDzgrnbJ,262,1,0.2336545801526717
HpNSWPu2TAvvyx7KW4ug2kpWsvWiK3YiGAsbMhYyv4b,200,1,0.6160874999999999
EvA7D4XEzBsLqpXo3HxdpaYaWpVwnushvbUiE8qHj915,210,1,0.5391309523809524
4GzSh5dzT6cy5PQQCrb2yfNah2XETRv9RobnG9Ng16Uk,405,2,0.5961358024691359
5nZVAuxrdBze1QXf6RLNPhXfwEfAiVLyvvVgHHBJ7Yn6,270,1,0.19710185185185192
5qpcXSxgcW7QdRF4En6A8Mrc8S8BZSRErtfPvwYpDonZ,195,1,0.6575256410256411
5bZDfJR6C6RT1hpWNcWqJuxhvKAwG1Jc4n5r4StquR1J,205,1,0.5766707317073172
DZ2BN5zjzUH6LmhM7qgNHeXkwCVhLXKkiyLETfXithJv,150,1,1.1547833333333335
F3AmUMFQNwBPxPPfXZcaoCtZh4xvSVwifdcL9A34DAcN,159,1,1.0328144654088054
ADeyuPayrPGwUNTEiJaHw2PDYWmgzofk8sz28Q7MVPXE,137,1,1.3592518248175183
2HLiY3qppcUuqZinj3ukC27EzJd4RsKd9U7EHqebLxEQ,126,1,1.5652182539682542
CTT91aPdib6cx3Dmu1iDaTXqaVcjqcSkakRWQj6328uH,210,1,0.5391309523809524
6LujVQMFuhvVzRZ2bFH7gTjxhXSMFkmLtxqfw7FriiaQ,122,1,1.6493237704918036
AarP7wRF75cS3R9dGEb6BgPtFNZyiGC2LjG5NRRb57dw,188,1,0.7192420212765958
2oBP4pGyYir46nFCVNdpuvdEhXXuBabxSw9C2kgqiUzU,103,1,2.138033980582524
gbFiuXpcFFwGYmT3JNpQbiQWkGQe3oSborzANtTG72i,180,1,0.795652777777778
37PbpQmKBURLgF12Y52bg9eUXihAs7rzRkgGMikRa6wM,100,1,2.232175
ErNMP3aJZWdb7YKGXZfdeVAAm9QH1XqNb4w6DceWmshf,1234,4,0.04770664505672606
4asC3eMf3by7dZWadnRm5fdEJeSy5J3UxqmuuQta1RSn,200,1,0.6160874999999999
9tfJSsUB9jsnwt2mQT17E2CXr5VtPBMdHwN7qzj623ci,99,1,2.2648232323232325
BUYhaN8iMiELZaCMn18FWpLAJL9eyjuKghuuCYD2o7Tq,139,1,1.3253057553956835
5KF4c8wQh4cGEs41qnW7msvaKc7d8rPHjTgAmiP7dj6q,145,1,1.2290862068965516
3PuKEs74k2ZYo7WzLwPjuyv584Sm45vi7X9kEQnFMBaP,85,1,2.8025588235294117
5HyRvc9qewG4S6XwrKrQvqtXNY3J87QRs3uwDmZLv79G,43,1,6.516686046511628
4CZFNjE5fYHhuyCwJX5ohdmacqSmZaah2kZZUpph75TF,440,2,0.4691704545454547
4FXagmvSj2tscEETKwsW9EHLnDVj9JJuBJweNX2paUBF,40,1,7.0804375
BMRiJy6NykFAFAJKgzAXny6NEHrjreUatGFAK4eqaxH7,222,1,0.4559346846846848
H9xRDdmUp7hhbbHXD1khimwd98MVm5Pnyu56jfNcXVsG,84,1,2.8478273809523813
FaSmssewxLG8Q5PtJ1zWBXGfnSQgUpvLQEPqowEHWGJW,222,1,0.4559346846846848
C9MVqt9s2PwMB2UHZHj8vrh3qfRGhHLVcwr76BGvXyZ,100,1,2.232175
5RRzt5impbDhzGepEZj44JqTu7o6NmXNRKSM4rSQPX1z,53,1,5.098443396226415
F5cwHJr4ENrcGnjwLbJ12XmgShJBHoFXv9YcWb2m8vVE,118,1,1.7391313559322032
GQyEcstnNmtRQBX4CBFi39NC4apY9QWCQddN9GUPEQt9,164,1,0.9708384146341462
Fc6Pnv8WeQP3JxunYSoA1BB3mB9nofqU9HQG9yo8BGzc,10,1,31.32175
